Workbook

Sheet Сводка
A1: СВОДКА: ОБОРОТНЫЙ ФОНД ГАРАНТИЙНЫХ КОМПОНЕНТОВ ПО ПЛОЩАДКАМ (парк по SAP)
A3: Парк по SAP (машин)
A4: Площадка | B4: Модель | C4: Группа | D4: Всего машин | E4: в т.ч. план
A5: Красноярск | B5: NTE240 | C5: NTE | D5: =COUNTIFS('Парк (SAP)'!$B$11:$B$346,"Полюс Красноярск",'Парк (SAP)'!$C$11:$C$346,"NTE240") -> 122 | E5: 39
A6: Красноярск | B6: TR100 | C6: TR100 | D6: =COUNTIFS('Парк (SAP)'!$B$11:$B$346,"Полюс Красноярск",'Парк (SAP)'!$C$11:$C$346,"TR100") -> 22 | E6: 18
A7: Сухой Лог | B7: NTE240 | C7: NTE | D7: =COUNTIFS('Парк (SAP)'!$B$11:$B$346,"Полюс Сухой Лог",'Парк (SAP)'!$C$11:$C$346,"NTE240") -> 85 | E7: 85
A8: Сухой Лог | B8: TR100 | C8: TR100 | D8: =COUNTIFS('Парк (SAP)'!$B$11:$B$346,"Полюс Сухой Лог",'Парк (SAP)'!$C$11:$C$346,"TR100") -> 9 | E8: 0
A9: Магадан | B9: NTE200 | C9: NTE | D9: =COUNTIFS('Парк (SAP)'!$B$11:$B$346,"Полюс Магадан",'Парк (SAP)'!$C$11:$C$346,"NTE200") -> 55 | E9: 8
A10: Магадан | B10: TR100 | C10: TR100 | D10: =COUNTIFS('Парк (SAP)'!$B$11:$B$346,"Полюс Магадан",'Парк (SAP)'!$C$11:$C$346,"TR100") -> 7 | E10: 4
A11: Алдан | B11: TR100 | C11: TR100 | D11: =COUNTIFS('Парк (SAP)'!$B$11:$B$346,"Полюс Алдан",'Парк (SAP)'!$C$11:$C$346,"TR100") -> 36 | E11: 13
A12: ИТОГО | D12: ='Парк (SAP)'!F347 -> 336 | E12: =SUM(E5:E11) -> 167
A14: Расчётный месяц (1-е число) | C14: =DATE(YEAR(TODAY()),MONTH(TODAY()),1) -> 46204
A16: Потребность в компонентах по площадкам
A17: Площадка | B17: Модель | C17: Компонент | D17: Норма/10 | E17: Тек. месяц, шт | F17: Пик, шт
A18: Красноярск | B18: NTE240 | C18: ДВС | D18: =$D$5 -> 1 | E18: =INDEX('Потребность (компоненты)'!$C$14:$C$102,MATCH($C$14,'Потребность (компоненты)'!$A$14:$A$102,0)) -> 6 | F18: ='Потребность (компоненты)'!C104 -> 6
A19: Красноярск | B19: NTE240 | C19: Мотор-колесо | D19: =$D$6 -> 2 | E19: =INDEX('Потребность (компоненты)'!$D$14:$D$102,MATCH($C$14,'Потребность (компоненты)'!$A$14:$A$102,0)) -> 12 | F19: ='Потребность (компоненты)'!D104 -> 12
A20: Красноярск | B20: NTE240 | C20: Силовой генератор | D20: =$D$7 -> 1 | E20: =INDEX('Потребность (компоненты)'!$E$14:$E$102,MATCH($C$14,'Потребность (компоненты)'!$A$14:$A$102,0)) -> 6 | F20: ='Потребность (компоненты)'!E104 -> 6
A21: Красноярск | B21: TR100 | C21: ДВС | D21: =$D$8 -> 1 | E21: =INDEX('Потребность (компоненты)'!$F$14:$F$102,MATCH($C$14,'Потребность (компоненты)'!$A$14:$A$102,0)) -> 2 | F21: ='Потребность (компоненты)'!F104 -> 3
A22: Красноярск | B22: TR100 | C22: КПП | D22: =$D$9 -> 1 | E22: =INDEX('Потребность (компоненты)'!$G$14:$G$102,MATCH($C$14,'Потребность (компоненты)'!$A$14:$A$102,0)) -> 2 | F22: ='Потребность (компоненты)'!G104 -> 3
A23: Красноярск | B23: TR100 | C23: Бортовой редуктор | D23: =$D$10 -> 2 | E23: =INDEX('Потребность (компоненты)'!$H$14:$H$102,MATCH($C$14,'Потребность (компоненты)'!$A$14:$A$102,0)) -> 4 | F23: ='Потребность (компоненты)'!H104 -> 6
A24: Сухой Лог | B24: NTE240 | C24: ДВС | D24: =$D$5 -> 1 | E24: =INDEX('Потребность (компоненты)'!$I$14:$I$102,MATCH($C$14,'Потребность (компоненты)'!$A$14:$A$102,0)) -> 0 | F24: ='Потребность (компоненты)'!I104 -> 8
A25: Сухой Лог | B25: NTE240 | C25: Мотор-колесо | D25: =$D$6 -> 2 | E25: =INDEX('Потребность (компоненты)'!$J$14:$J$102,MATCH($C$14,'Потребность (компоненты)'!$A$14:$A$102,0)) -> 0 | F25: ='Потребность (компоненты)'!J104 -> 16
A26: Сухой Лог | B26: NTE240 | C26: Силовой генератор | D26: =$D$7 -> 1 | E26: =INDEX('Потребность (компоненты)'!$K$14:$K$102,MATCH($C$14,'Потребность (компоненты)'!$A$14:$A$102,0)) -> 0 | F26: ='Потребность (компоненты)'!K104 -> 8
A27: Сухой Лог | B27: TR100 | C27: ДВС | D27: =$D$8 -> 1 | E27: =INDEX('Потребность (компоненты)'!$L$14:$L$102,MATCH($C$14,'Потребность (компоненты)'!$A$14:$A$102,0)) -> 1 | F27: ='Потребность (компоненты)'!L104 -> 1
A28: Сухой Лог | B28: TR100 | C28: КПП | D28: =$D$9 -> 1 | E28: =INDEX('Потребность (компоненты)'!$M$14:$M$102,MATCH($C$14,'Потребность (компоненты)'!$A$14:$A$102,0)) -> 1 | F28: ='Потребность (компоненты)'!M104 -> 1
A29: Сухой Лог | B29: TR100 | C29: Бортовой редуктор | D29: =$D$10 -> 2 | E29: =INDEX('Потребность (компоненты)'!$N$14:$N$102,MATCH($C$14,'Потребность (компоненты)'!$A$14:$A$102,0)) -> 2 | F29: ='Потребность (компоненты)'!N104 -> 2
A30: Магадан | B30: NTE200 | C30: ДВС | D30: =$D$5 -> 1 | E30: =INDEX('Потребность (компоненты)'!$O$14:$O$102,MATCH($C$14,'Потребность (компоненты)'!$A$14:$A$102,0)) -> 2 | F30: ='Потребность (компоненты)'!O104 -> 4
A31: Магадан | B31: NTE200 | C31: Мотор-колесо | D31: =$D$6 -> 2 | E31: =INDEX('Потребность (компоненты)'!$P$14:$P$102,MATCH($C$14,'Потребность (компоненты)'!$A$14:$A$102,0)) -> 4 | F31: ='Потребность (компоненты)'!P104 -> 8
A32: Магадан | B32: NTE200 | C32: Силовой генератор | D32: =$D$7 -> 1 | E32: =INDEX('Потребность (компоненты)'!$Q$14:$Q$102,MATCH($C$14,'Потребность (компоненты)'!$A$14:$A$102,0)) -> 2 | F32: ='Потребность (компоненты)'!Q104 -> 4
A33: Магадан | B33: TR100 | C33: ДВС | D33: =$D$8 -> 1 | E33: =INDEX('Потребность (компоненты)'!$R$14:$R$102,MATCH($C$14,'Потребность (компоненты)'!$A$14:$A$102,0)) -> 1 | F33: ='Потребность (компоненты)'!R104 -> 1
A34: Магадан | B34: TR100 | C34: КПП | D34: =$D$9 -> 1 | E34: =INDEX('Потребность (компоненты)'!$S$14:$S$102,MATCH($C$14,'Потребность (компоненты)'!$A$14:$A$102,0)) -> 1 | F34: ='Потребность (компоненты)'!S104 -> 1
A35: Магадан | B35: TR100 | C35: Бортовой редуктор | D35: =$D$10 -> 2 | E35: =INDEX('Потребность (компоненты)'!$T$14:$T$102,MATCH($C$14,'Потребность (компоненты)'!$A$14:$A$102,0)) -> 2 | F35: ='Потребность (компоненты)'!T104 -> 2
A36: Алдан | B36: TR100 | C36: ДВС | D36: =$D$8 -> 1 | E36: =INDEX('Потребность (компоненты)'!$U$14:$U$102,MATCH($C$14,'Потребность (компоненты)'!$A$14:$A$102,0)) -> 3 | F36: ='Потребность (компоненты)'!U104 -> 3
A37: Алдан | B37: TR100 | C37: КПП | D37: =$D$9 -> 1 | E37: =INDEX('Потребность (компоненты)'!$V$14:$V$102,MATCH($C$14,'Потребность (компоненты)'!$A$14:$A$102,0)) -> 3 | F37: ='Потребность (компоненты)'!V104 -> 3
A38: Алдан | B38: TR100 | C38: Бортовой редуктор | D38: =$D$10 -> 2 | E38: =INDEX('Потребность (компоненты)'!$W$14:$W$102,MATCH($C$14,'Потребность (компоненты)'!$A$14:$A$102,0)) -> 6 | F38: ='Потребность (компоненты)'!W104 -> 6

Sheet Графики
A1: ГРАФИКИ: МАШИНЫ НА ГАРАНТИИ И ПОТРЕБНОСТЬ В КОМПОНЕНТАХ ПО ПЛОЩАДКАМ И МОДЕЛЯМ
A2: Раздел 1. Самосвалы на гарантии — по каждой площадке (линии = модели)
A37: Раздел 2. Потребность в оборотных компонентах — по каждой площадке и модели

Sheet Парк (SAP)
A1: ПОЛНЫЙ ПАРК КАРЬЕРНЫХ САМОСВАЛОВ NHL ПО ДАННЫМ SAP (NTE + TR100)
A2: Источник состава и дат ввода — выгрузка SAP. NTE (NTE240 Красноярск/Сухой Лог, NTE200 Магадан) — электромеханический привод: ДВС, мотор-колёса, силовой генератор. TR100 (Красноярск, Сухой Лог, Магадан, Алдан) — механический привод: ДВС, КПП, бортовые редукторы. В SAP нет даты окончания гарантии — она рассчитывается из даты ввода по сроку гарантии (параметры ниже). Строки без серийного № — плановые вводы.
A4: ПАРАМЕТРЫ СРОКА ГАРАНТИИ (жёлтые ячейки — редактируемые)
A5: NTE: дата смены срока гарантии (с этой даты — увеличенный срок) | D5: 45934
A6: NTE: срок гарантии до даты смены, мес | D6: 12
A7: NTE: срок гарантии с даты смены, мес | D7: 24
A8: TR100: срок гарантии, мес | D8: 24
A10: № | B10: Площадка | C10: Модель | D10: Группа | E10: Серийный № | F10: Гараж. № | G10: Статус | H10: Дата ввода | I10: Срок гар., мес | J10: Дата оконч. гарантии
A11: 1 | B11: Полюс Красноярск | C11: NTE240 | D11: NTE | E11: NHLTBABAVPB200021 | F11: 201 | G11: факт | H11: 45341 | I11: =IF(D11="TR100",$D$8,IF(H11<$D$5,$D$6,$D$7)) -> 12 | J11: =EDATE(H11,I11) -> 45707
A12: 2 | B12: Полюс Красноярск | C12: NTE240 | D12: NTE | E12: NHLTBABACPB200026 | F12: 202 | G12: факт | H12: 45347 | I12: =IF(D12="TR100",$D$8,IF(H12<$D$5,$D$6,$D$7)) -> 12 | J12: =EDATE(H12,I12) -> 45713
A13: 3 | B13: Полюс Красноярск | C13: NTE240 | D13: NTE | E13: NHLTBABACPB200017 | F13: 203 | G13: факт | H13: 45355 | I13: =IF(D13="TR100",$D$8,IF(H13<$D$5,$D$6,$D$7)) -> 12 | J13: =EDATE(H13,I13) -> 45720
A14: 4 | B14: Полюс Красноярск | C14: NTE240 | D14: NTE | E14: NHLTBABAAPB200022 | F14: 204 | G14: факт | H14: 45362 | I14: =IF(D14="TR100",$D$8,IF(H14<$D$5,$D$6,$D$7)) -> 12 | J14: =EDATE(H14,I14) -> 45727
A15: 5 | B15: Полюс Красноярск | C15: NTE240 | D15: NTE | E15: NHLTBABAKPB200015 | F15: 205 | G15: факт | H15: 45369 | I15: =IF(D15="TR100",$D$8,IF(H15<$D$5,$D$6,$D$7)) -> 12 | J15: =EDATE(H15,I15) -> 45734
A16: 6 | B16: Полюс Красноярск | C16: NTE240 | D16: NTE | E16: NHLTBABACPB200020 | F16: 206 | G16: факт | H16: 45376 | I16: =IF(D16="TR100",$D$8,IF(H16<$D$5,$D$6,$D$7)) -> 12 | J16: =EDATE(H16,I16) -> 45741
A17: 7 | B17: Полюс Красноярск | C17: NTE240 | D17: NTE | E17: NHLTBABAEPB200025 | F17: 208 | G17: факт | H17: 45380 | I17: =IF(D17="TR100",$D$8,IF(H17<$D$5,$D$6,$D$7)) -> 12 | J17: =EDATE(H17,I17) -> 45745
A18: 8 | B18: Полюс Красноярск | C18: NTE240 | D18: NTE | E18: NHLTBABAHPB200024 | F18: 209 | G18: факт | H18: 45383 | I18: =IF(D18="TR100",$D$8,IF(H18<$D$5,$D$6,$D$7)) -> 12 | J18: =EDATE(H18,I18) -> 45748
A19: 9 | B19: Полюс Красноярск | C19: NTE240 | D19: NTE | E19: NHLTBABAKPB200032 | F19: 207 | G19: факт | H19: 45389 | I19: =IF(D19="TR100",$D$8,IF(H19<$D$5,$D$6,$D$7)) -> 12 | J19: =EDATE(H19,I19) -> 45754
A20: 10 | B20: Полюс Красноярск | C20: NTE240 | D20: NTE | E20: NHLTBABALPB200023 | F20: 210 | G20: факт | H20: 45393 | I20: =IF(D20="TR100",$D$8,IF(H20<$D$5,$D$6,$D$7)) -> 12 | J20: =EDATE(H20,I20) -> 45758
A21: 11 | B21: Полюс Красноярск | C21: NTE240 | D21: NTE | E21: NHLTBABAAPB200019 | F21: 211 | G21: факт | H21: 45398 | I21: =IF(D21="TR100",$D$8,IF(H21<$D$5,$D$6,$D$7)) -> 12 | J21: =EDATE(H21,I21) -> 45763
A22: 12 | B22: Полюс Красноярск | C22: NTE240 | D22: NTE | E22: NHLTBABATPB200027 | F22: 212 | G22: факт | H22: 45412 | I22: =IF(D22="TR100",$D$8,IF(H22<$D$5,$D$6,$D$7)) -> 12 | J22: =EDATE(H22,I22) -> 45777
... A85: 75 | B85: Полюс Красноярск | C85: NTE240 | D85: NTE | E85: NHLTBABAKSB200105 | F85: 275 | G85: факт | H85: 45958 | I85: =IF(D85="TR100",$D$8,IF(H85<$D$5,$D$6,$D$7)) -> 24 | J85: =EDATE(H85,I85) -> 46688
A86: 76 | B86: Полюс Красноярск | C86: NTE240 | D86: NTE | G86: план | H86: 46058 | I86: =IF(D86="TR100",$D$8,IF(H86<$D$5,$D$6,$D$7)) -> 24 | J86: =EDATE(H86,I86) -> 46788
A87: 77 | B87: Полюс Красноярск | C87: NTE240 | D87: NTE | G87: план | H87: 46063 | I87: =IF(D87="TR100",$D$8,IF(H87<$D$5,$D$6,$D$7)) -> 24 | J87: =EDATE(H87,I87) -> 46793
A88: 78 | B88: Полюс Красноярск | C88: NTE240 | D88: NTE | G88: план | H88: 46073 | I88: =IF(D88="TR100",$D$8,IF(H88<$D$5,$D$6,$D$7)) -> 24 | J88: =EDATE(H88,I88) -> 46803
A89: 79 | B89: Полюс Красноярск | C89: NTE240 | D89: NTE | E89: NHLTBABACSB2A0135 | F89: 276 | G89: факт | H89: 46076 | I89: =IF(D89="TR100",$D$8,IF(H89<$D$5,$D$6,$D$7)) -> 24 | J89: =EDATE(H89,I89) -> 46806
A90: 80 | B90: Полюс Красноярск | C90: NTE240 | D90: NTE | E90: NHLTBABAJSB2A0134 | F90: 277 | G90: факт | H90: 46078 | I90: =IF(D90="TR100",$D$8,IF(H90<$D$5,$D$6,$D$7)) -> 24 | J90: =EDATE(H90,I90) -> 46808
A91: 81 | B91: Полюс Красноярск | C91: NTE240 | D91: NTE | G91: план | H91: 46081 | I91: =IF(D91="TR100",$D$8,IF(H91<$D$5,$D$6,$D$7)) -> 24 | J91: =EDATE(H91,I91) -> 46811
A92: 82 | B92: Полюс Красноярск | C92: NTE240 | D92: NTE | G92: план | H92: 46086 | I92: =IF(D92="TR100",$D$8,IF(H92<$D$5,$D$6,$D$7)) -> 24 | J92: =EDATE(H92,I92) -> 46817
A93: 83 | B93: Полюс Красноярск | C93: NTE240 | D93: NTE | E93: NHLTBABAKSB2A0133 | F93: 278 | G93: факт | H93: 46088 | I93: =IF(D93="TR100",$D$8,IF(H93<$D$5,$D$6,$D$7)) -> 24 | J93: =EDATE(H93,I93) -> 46819
A94: 84 | B94: Полюс Красноярск | C94: NTE240 | D94: NTE | G94: план | H94: 46091 | I94: =IF(D94="TR100",$D$8,IF(H94<$D$5,$D$6,$D$7)) -> 24 | J94: =EDATE(H94,I94) -> 46822
A95: 85 | B95: Полюс Красноярск | C95: NTE240 | D95: NTE | G95: план | H95: 46101 | I95: =IF(D95="TR100",$D$8,IF(H95<$D$5,$D$6,$D$7)) -> 24 | J95: =EDATE(H95,I95) -> 46832
A96: 86 | B96: Полюс Красноярск | C96: NTE240 | D96: NTE | E96: NHLTBABAVSB2A0136 | F96: 279 | G96: факт | H96: 46102 | I96: =IF(D96="TR100",$D$8,IF(H96<$D$5,$D$6,$D$7)) -> 24 | J96: =EDATE(H96,I96) -> 46833
A97: 87 | B97: Полюс Красноярск | C97: NTE240 | D97: NTE | E97: NHLTBABAHSB2A0139 | F97: 280 | G97: факт | H97: 46106 | I97: =IF(D97="TR100",$D$8,IF(H97<$D$5,$D$6,$D$7)) -> 24 | J97: =EDATE(H97,I97) -> 46837
A98: 88 | B98: Полюс Красноярск | C98: NTE240 | D98: NTE | E98: NHLTBABAASB2A0137 | F98: 281 | G98: факт | H98: 46109 | I98: =IF(D98="TR100",$D$8,IF(H98<$D$5,$D$6,$D$7)) -> 24 | J98: =EDATE(H98,I98) -> 46840
A99: 89 | B99: Полюс Красноярск | C99: NTE240 | D99: NTE | G99: план | H99: 46109 | I99: =IF(D99="TR100",$D$8,IF(H99<$D$5,$D$6,$D$7)) -> 24 | J99: =EDATE(H99,I99) -> 46840
A100: 90 | B100: Полюс Красноярск | C100: NTE240 | D100: NTE | E100: NHLTBABALSB2A0141 | F100: 282 | G100: факт | H100: 46117 | I100: =IF(D100="TR100",$D$8,IF(H100<$D$5,$D$6,$D$7)) -> 24 | J100: =EDATE(H100,I100) -> 46848
A101: 91 | B101: Полюс Красноярск | C101: NTE240 | D101: NTE | E101: NHLTBABACSB2A0144 | F101: 283 | G101: факт | H101: 46120 | I101: =IF(D101="TR100",$D$8,IF(H101<$D$5,$D$6,$D$7)) -> 24 | J101: =EDATE(H101,I101) -> 46851
A102: 92 | B102: Полюс Красноярск | C102: NTE240 | D102: NTE | F102: 285 | G102: план | H102: 46124 | I102: =IF(D102="TR100",$D$8,IF(H102<$D$5,$D$6,$D$7)) -> 24 | J102: =EDATE(H102,I102) -> 46855
A103: 93 | B103: Полюс Красноярск | C103: NTE240 | D103: NTE | F103: 286 | G103: план | H103: 46129 | I103: =IF(D103="TR100",$D$8,IF(H103<$D$5,$D$6,$D$7)) -> 24 | J103: =EDATE(H103,I103) -> 46860
A104: 94 | B104: Полюс Красноярск | C104: NTE240 | D104: NTE | F104: 287 | G104: план | H104: 46130 | I104: =IF(D104="TR100",$D$8,IF(H104<$D$5,$D$6,$D$7)) -> 24 | J104: =EDATE(H104,I104) -> 46861
A105: 95 | B105: Полюс Красноярск | C105: NTE240 | D105: NTE | F105: 288 | G105: план | H105: 46135 | I105: =IF(D105="TR100",$D$8,IF(H105<$D$5,$D$6,$D$7)) -> 24 | J105: =EDATE(H105,I105) -> 46866
A106: 96 | B106: Полюс Красноярск | C106: NTE240 | D106: NTE | F106: 289 | G106: план | H106: 46143 | I106: =IF(D106="TR100",$D$8,IF(H106<$D$5,$D$6,$D$7)) -> 24 | J106: =EDATE(H106,I106) -> 46874
A107: 97 | B107: Полюс Красноярск | C107: NTE240 | D107: NTE | F107: 290 | G107: план | H107: 46147 | I107: =IF(D107="TR100",$D$8,IF(H107<$D$5,$D$6,$D$7)) -> 24 | J107: =EDATE(H107,I107) -> 46878
A108: 98 | B108: Полюс Красноярск | C108: NTE240 | D108: NTE | F108: 291 | G108: план | H108: 46152 | I108: =IF(D108="TR100",$D$8,IF(H108<$D$5,$D$6,$D$7)) -> 24 | J108: =EDATE(H108,I108) -> 46883
A109: 99 | B109: Полюс Красноярск | C109: NTE240 | D109: NTE | F109: 293 | G109: план | H109: 46157 | I109: =IF(D109="TR100",$D$8,IF(H109<$D$5,$D$6,$D$7)) -> 24 | J109: =EDATE(H109,I109) -> 46888
A110: 100 | B110: Полюс Красноярск | C110: NTE240 | D110: NTE | F110: 294 | G110: план | H110: 46159 | I110: =IF(D110="TR100",$D$8,IF(H110<$D$5,$D$6,$D$7)) -> 24 | J110: =EDATE(H110,I110) -> 46890
A111: 101 | B111: Полюс Красноярск | C111: NTE240 | D111: NTE | F111: 295 | G111: план | H111: 46174 | I111: =IF(D111="TR100",$D$8,IF(H111<$D$5,$D$6,$D$7)) -> 24 | J111: =EDATE(H111,I111) -> 46905
A112: 102 | B112: Полюс Красноярск | C112: NTE240 | D112: NTE | F112: 296 | G112: план | H112: 46176 | I112: =IF(D112="TR100",$D$8,IF(H112<$D$5,$D$6,$D$7)) -> 24 | J112: =EDATE(H112,I112) -> 46907
A113: 103 | B113: Полюс Красноярск | C113: NTE240 | D113: NTE | F113: 297 | G113: план | H113: 46178 | I113: =IF(D113="TR100",$D$8,IF(H113<$D$5,$D$6,$D$7)) -> 24 | J113: =EDATE(H113,I113) -> 46909
... A132: 122 | B132: Полюс Красноярск | C132: NTE240 | D132: NTE | F132: 624 | G132: план | H132: 46397 | I132: =IF(D132="TR100",$D$8,IF(H132<$D$5,$D$6,$D$7)) -> 24 | J132: =EDATE(H132,I132) -> 47128
A133: 123 | B133: Полюс Красноярск | C133: TR100 | D133: TR100 | E133: NHLT3AAAASB2A0430 | F133: 801 | G133: факт | H133: 45908 | I133: =IF(D133="TR100",$D$8,IF(H133<$D$5,$D$6,$D$7)) -> 24 | J133: =EDATE(H133,I133) -> 46638
A134: 124 | B134: Полюс Красноярск | C134: TR100 | D134: TR100 | E134: NHLT3AAALSB2A0428 | F134: 802 | G134: факт | H134: 45911 | I134: =IF(D134="TR100",$D$8,IF(H134<$D$5,$D$6,$D$7)) -> 24 | J134: =EDATE(H134,I134) -> 46641
A135: 125 | B135: Полюс Красноярск | C135: TR100 | D135: TR100 | E135: NHLT3AAAASB2A0427 | F135: 803 | G135: факт | H135: 45917 | I135: =IF(D135="TR100",$D$8,IF(H135<$D$5,$D$6,$D$7)) -> 24 | J135: =EDATE(H135,I135) -> 46647
A136: 126 | B136: Полюс Красноярск | C136: TR100 | D136: TR100 | E136: NHLT3AAAHSB2A0429 | F136: 804 | G136: факт | H136: 45925 | I136: =IF(D136="TR100",$D$8,IF(H136<$D$5,$D$6,$D$7)) -> 24 | J136: =EDATE(H136,I136) -> 46655
A137: 127 | B137: Полюс Красноярск | C137: TR100 | D137: TR100 | F137: 805 | G137: план | H137: 46023 | I137: =IF(D137="TR100",$D$8,IF(H137<$D$5,$D$6,$D$7)) -> 24 | J137: =EDATE(H137,I137) -> 46753
A138: 128 | B138: Полюс Красноярск | C138: TR100 | D138: TR100 | F138: 806 | G138: план | H138: 46023 | I138: =IF(D138="TR100",$D$8,IF(H138<$D$5,$D$6,$D$7)) -> 24 | J138: =EDATE(H138,I138) -> 46753
A139: 129 | B139: Полюс Красноярск | C139: TR100 | D139: TR100 | F139: 807 | G139: план | H139: 46023 | I139: =IF(D139="TR100",$D$8,IF(H139<$D$5,$D$6,$D$7)) -> 24 | J139: =EDATE(H139,I139) -> 46753
A140: 130 | B140: Полюс Красноярск | C140: TR100 | D140: TR100 | F140: 808 | G140: план | H140: 46023 | I140: =IF(D140="TR100",$D$8,IF(H140<$D$5,$D$6,$D$7)) -> 24 | J140: =EDATE(H140,I140) -> 46753
A141: 131 | B141: Полюс Красноярск | C141: TR100 | D141: TR100 | F141: 809 | G141: план | H141: 46054 | I141: =IF(D141="TR100",$D$8,IF(H141<$D$5,$D$6,$D$7)) -> 24 | J141: =EDATE(H141,I141) -> 46784
A142: 132 | B142: Полюс Красноярск | C142: TR100 | D142: TR100 | F142: 810 | G142: план | H142: 46054 | I142: =IF(D142="TR100",$D$8,IF(H142<$D$5,$D$6,$D$7)) -> 24 | J142: =EDATE(H142,I142) -> 46784
A143: 133 | B143: Полюс Красноярск | C143: TR100 | D143: TR100 | F143: 811 | G143: план | H143: 46082 | I143: =IF(D143="TR100",$D$8,IF(H143<$D$5,$D$6,$D$7)) -> 24 | J143: =EDATE(H143,I143) -> 46813
A144: 134 | B144: Полюс Красноярск | C144: TR100 | D144: TR100 | F144: 812 | G144: план | H144: 46082 | I144: =IF(D144="TR100",$D$8,IF(H144<$D$5,$D$6,$D$7)) -> 24 | J144: =EDATE(H144,I144) -> 46813
A145: 135 | B145: Полюс Красноярск | C145: TR100 | D145: TR100 | F145: 814 | G145: план | H145: 46113 | I145: =IF(D145="TR100",$D$8,IF(H145<$D$5,$D$6,$D$7)) -> 24 | J145: =EDATE(H145,I145) -> 46844
A146: 136 | B146: Полюс Красноярск | C146: TR100 | D146: TR100 | F146: 815 | G146: план | H146: 46113 | I146: =IF(D146="TR100",$D$8,IF(H146<$D$5,$D$6,$D$7)) -> 24 | J146: =EDATE(H146,I146) -> 46844
A147: 137 | B147: Полюс Красноярск | C147: TR100 | D147: TR100 | F147: 816 | G147: план | H147: 46266 | I147: =IF(D147="TR100",$D$8,IF(H147<$D$5,$D$6,$D$7)) -> 24 | J147: =EDATE(H147,I147) -> 46997
A148: 138 | B148: Полюс Красноярск | C148: TR100 | D148: TR100 | F148: 817 | G148: план | H148: 46266 | I148: =IF(D148="TR100",$D$8,IF(H148<$D$5,$D$6,$D$7)) -> 24 | J148: =EDATE(H148,I148) -> 46997
... A154: 144 | B154: Полюс Красноярск | C154: TR100 | D154: TR100 | F154: 823 | G154: план | H154: 46327 | I154: =IF(D154="TR100",$D$8,IF(H154<$D$5,$D$6,$D$7)) -> 24 | J154: =EDATE(H154,I154) -> 47058
A155: 145 | B155: Полюс Сухой Лог | C155: NTE240 | D155: NTE | G155: план | H155: 46266 | I155: =IF(D155="TR100",$D$8,IF(H155<$D$5,$D$6,$D$7)) -> 24 | J155: =EDATE(H155,I155) -> 46997
A156: 146 | B156: Полюс Сухой Лог | C156: NTE240 | D156: NTE | G156: план | H156: 46280 | I156: =IF(D156="TR100",$D$8,IF(H156<$D$5,$D$6,$D$7)) -> 24 | J156: =EDATE(H156,I156) -> 47011
A157: 147 | B157: Полюс Сухой Лог | C157: NTE240 | D157: NTE | G157: план | H157: 46295 | I157: =IF(D157="TR100",$D$8,IF(H157<$D$5,$D$6,$D$7)) -> 24 | J157: =EDATE(H157,I157) -> 47026
A158: 148 | B158: Полюс Сухой Лог | C158: NTE240 | D158: NTE | G158: план | H158: 46296 | I158: =IF(D158="TR100",$D$8,IF(H158<$D$5,$D$6,$D$7)) -> 24 | J158: =EDATE(H158,I158) -> 47027
A159: 149 | B159: Полюс Сухой Лог | C159: NTE240 | D159: NTE | G159: план | H159: 46310 | I159: =IF(D159="TR100",$D$8,IF(H159<$D$5,$D$6,$D$7)) -> 24 | J159: =EDATE(H159,I159) -> 47041
A160: 150 | B160: Полюс Сухой Лог | C160: NTE240 | D160: NTE | G160: план | H160: 46325 | I160: =IF(D160="TR100",$D$8,IF(H160<$D$5,$D$6,$D$7)) -> 24 | J160: =EDATE(H160,I160) -> 47056
A161: 151 | B161: Полюс Сухой Лог | C161: NTE240 | D161: NTE | G161: план | H161: 46327 | I161: =IF(D161="TR100",$D$8,IF(H161<$D$5,$D$6,$D$7)) -> 24 | J161: =EDATE(H161,I161) -> 47058
A162: 152 | B162: Полюс Сухой Лог | C162: NTE240 | D162: NTE | G162: план | H162: 46341 | I162: =IF(D162="TR100",$D$8,IF(H162<$D$5,$D$6,$D$7)) -> 24 | J162: =EDATE(H162,I162) -> 47072
A163: 153 | B163: Полюс Сухой Лог | C163: NTE240 | D163: NTE | G163: план | H163: 46356 | I163: =IF(D163="TR100",$D$8,IF(H163<$D$5,$D$6,$D$7)) -> 24 | J163: =EDATE(H163,I163) -> 47087
A164: 154 | B164: Полюс Сухой Лог | C164: NTE240 | D164: NTE | G164: план | H164: 46478 | I164: =IF(D164="TR100",$D$8,IF(H164<$D$5,$D$6,$D$7)) -> 24 | J164: =EDATE(H164,I164) -> 47209
A165: 155 | B165: Полюс Сухой Лог | C165: NTE240 | D165: NTE | G165: план | H165: 46487 | I165: =IF(D165="TR100",$D$8,IF(H165<$D$5,$D$6,$D$7)) -> 24 | J165: =EDATE(H165,I165) -> 47218
A166: 156 | B166: Полюс Сухой Лог | C166: NTE240 | D166: NTE | G166: план | H166: 46497 | I166: =IF(D166="TR100",$D$8,IF(H166<$D$5,$D$6,$D$7)) -> 24 | J166: =EDATE(H166,I166) -> 47228
... A217: 207 | B217: Полюс Сухой Лог | C217: NTE240 | D217: NTE | G217: план | H217: 46914 | I217: =IF(D217="TR100",$D$8,IF(H217<$D$5,$D$6,$D$7)) -> 24 | J217: =EDATE(H217,I217) -> 47644
A218: 208 | B218: Полюс Сухой Лог | C218: NTE240 | D218: NTE | F218: 1664 | G218: план | H218: 46924 | I218: =IF(D218="TR100",$D$8,IF(H218<$D$5,$D$6,$D$7)) -> 24 | J218: =EDATE(H218,I218) -> 47654
A219: 209 | B219: Полюс Сухой Лог | C219: NTE240 | D219: NTE | F219: 1665 | G219: план | H219: 46934 | I219: =IF(D219="TR100",$D$8,IF(H219<$D$5,$D$6,$D$7)) -> 24 | J219: =EDATE(H219,I219) -> 47664
A220: 210 | B220: Полюс Сухой Лог | C220: NTE240 | D220: NTE | F220: 1666 | G220: план | H220: 46935 | I220: =IF(D220="TR100",$D$8,IF(H220<$D$5,$D$6,$D$7)) -> 24 | J220: =EDATE(H220,I220) -> 47665
A221: 211 | B221: Полюс Сухой Лог | C221: NTE240 | D221: NTE | F221: 1667 | G221: план | H221: 46949 | I221: =IF(D221="TR100",$D$8,IF(H221<$D$5,$D$6,$D$7)) -> 24 | J221: =EDATE(H221,I221) -> 47679
A222: 212 | B222: Полюс Сухой Лог | C222: NTE240 | D222: NTE | F222: 1668 | G222: план | H222: 46964 | I222: =IF(D222="TR100",$D$8,IF(H222<$D$5,$D$6,$D$7)) -> 24 | J222: =EDATE(H222,I222) -> 47694
A223: 213 | B223: Полюс Сухой Лог | C223: NTE240 | D223: NTE | F223: 1669 | G223: план | H223: 46966 | I223: =IF(D223="TR100",$D$8,IF(H223<$D$5,$D$6,$D$7)) -> 24 | J223: =EDATE(H223,I223) -> 47696
A224: 214 | B224: Полюс Сухой Лог | C224: NTE240 | D224: NTE | F224: 1670 | G224: план | H224: 46997 | I224: =IF(D224="TR100",$D$8,IF(H224<$D$5,$D$6,$D$7)) -> 24 | J224: =EDATE(H224,I224) -> 47727
A225: 215 | B225: Полюс Сухой Лог | C225: NTE240 | D225: NTE | F225: 1671 | G225: план | H225: 47027 | I225: =IF(D225="TR100",$D$8,IF(H225<$D$5,$D$6,$D$7)) -> 24 | J225: =EDATE(H225,I225) -> 47757
A226: 216 | B226: Полюс Сухой Лог | C226: NTE240 | D226: NTE | F226: 1672 | G226: план | H226: 47036 | I226: =IF(D226="TR100",$D$8,IF(H226<$D$5,$D$6,$D$7)) -> 24 | J226: =EDATE(H226,I226) -> 47766
A227: 217 | B227: Полюс Сухой Лог | C227: NTE240 | D227: NTE | F227: 1673 | G227: план | H227: 47046 | I227: =IF(D227="TR100",$D$8,IF(H227<$D$5,$D$6,$D$7)) -> 24 | J227: =EDATE(H227,I227) -> 47776
A228: 218 | B228: Полюс Сухой Лог | C228: NTE240 | D228: NTE | F228: 1674 | G228: план | H228: 47056 | I228: =IF(D228="TR100",$D$8,IF(H228<$D$5,$D$6,$D$7)) -> 24 | J228: =EDATE(H228,I228) -> 47786
A229: 219 | B229: Полюс Сухой Лог | C229: NTE240 | D229: NTE | F229: 1675 | G229: план | H229: 47058 | I229: =IF(D229="TR100",$D$8,IF(H229<$D$5,$D$6,$D$7)) -> 24 | J229: =EDATE(H229,I229) -> 47788
... A239: 229 | B239: Полюс Сухой Лог | C239: NTE240 | D239: NTE | F239: 1685 | G239: план | H239: 47148 | I239: =IF(D239="TR100",$D$8,IF(H239<$D$5,$D$6,$D$7)) -> 24 | J239: =EDATE(H239,I239) -> 47878
A240: 230 | B240: Полюс Сухой Лог | C240: TR100 | D240: TR100 | E240: NHLT3AAALPB2A0324 | F240: 1644 | G240: факт | H240: 45425 | I240: =IF(D240="TR100",$D$8,IF(H240<$D$5,$D$6,$D$7)) -> 24 | J240: =EDATE(H240,I240) -> 46155
A241: 231 | B241: Полюс Сухой Лог | C241: TR100 | D241: TR100 | E241: NHLT3AAAEPB2A0326 | F241: 1645 | G241: факт | H241: 45425 | I241: =IF(D241="TR100",$D$8,IF(H241<$D$5,$D$6,$D$7)) -> 24 | J241: =EDATE(H241,I241) -> 46155
A242: 232 | B242: Полюс Сухой Лог | C242: TR100 | D242: TR100 | E242: NHLT3AAACPB2A0327 | F242: 1646 | G242: факт | H242: 45476 | I242: =IF(D242="TR100",$D$8,IF(H242<$D$5,$D$6,$D$7)) -> 24 | J242: =EDATE(H242,I242) -> 46206
A243: 233 | B243: Полюс Сухой Лог | C243: TR100 | D243: TR100 | E243: NHLT3AAACPB2A0321 | F243: 1647 | G243: факт | H243: 45476 | I243: =IF(D243="TR100",$D$8,IF(H243<$D$5,$D$6,$D$7)) -> 24 | J243: =EDATE(H243,I243) -> 46206
A244: 234 | B244: Полюс Сухой Лог | C244: TR100 | D244: TR100 | E244: NHLT3AAACPB2A0323 | F244: 1648 | G244: факт | H244: 45483 | I244: =IF(D244="TR100",$D$8,IF(H244<$D$5,$D$6,$D$7)) -> 24 | J244: =EDATE(H244,I244) -> 46213
A245: 235 | B245: Полюс Сухой Лог | C245: TR100 | D245: TR100 | E245: NHLT3AAACPB2A0329 | F245: 1649 | G245: факт | H245: 45483 | I245: =IF(D245="TR100",$D$8,IF(H245<$D$5,$D$6,$D$7)) -> 24 | J245: =EDATE(H245,I245) -> 46213
A246: 236 | B246: Полюс Сухой Лог | C246: TR100 | D246: TR100 | E246: NHLT3AAACPB2A0322 | F246: 1650 | G246: факт | H246: 45483 | I246: =IF(D246="TR100",$D$8,IF(H246<$D$5,$D$6,$D$7)) -> 24 | J246: =EDATE(H246,I246) -> 46213
...

Sheet Гарантия (машины)
A1: САМОСВАЛЫ НА ГАРАНТИИ ПО МЕСЯЦАМ — ПО ПЛОЩАДКАМ И МОДЕЛЯМ
A2: Кол-во самосвалов, находящихся на гарантии в каждом месяце (введён ≤ конца месяца и гарантия не истекла до начала месяца), по каждой комбинации «площадка × модель».
A4: Месяц | B4: Год | C4: Красноярск NTE240 | D4: Красноярск TR100 | E4: Сухой Лог NTE240 | F4: Сухой Лог TR100 | G4: Магадан NTE200 | H4: Магадан TR100 | I4: Алдан TR100 | J4: ВСЕГО
A5: 45323 | B5: =YEAR(A5) -> 2024 | C5: =SUMPRODUCT(('Парк (SAP)'!$B$11:$B$346="Полюс Красноярск")*('Парк (SAP)'!$D$11:$D$346="NTE")*('Парк (SAP)'!$H$11:$H$346<=EOMONTH(A5,0))*('Парк (SAP)'!$J$11:$J$346>=A5)) -> 2 | D5: =SUMPRODUCT(('Парк (SAP)'!$B$11:$B$346="Полюс Красноярск")*('Парк (SAP)'!$D$11:$D$346="TR100")*('Парк (SAP)'!$H$11:$H$346<=EOMONTH(A5,0))*('Парк (SAP)'!$J$11:$J$346>=A5)) -> 0 | E5: =SUMPRODUCT(('Парк (SAP)'!$B$11:$B$346="Полюс Сухой Лог")*('Парк (SAP)'!$D$11:$D$346="NTE")*('Парк (SAP)'!$H$11:$H$346<=EOMONTH(A5,0))*('Парк (SAP)'!$J$11:$J$346>=A5)) -> 0 | F5: =SUMPRODUCT(('Парк (SAP)'!$B$11:$B$346="Полюс Сухой Лог")*('Парк (SAP)'!$D$11:$D$346="TR100")*('Парк (SAP)'!$H$11:$H$346<=EOMONTH(A5,0))*('Парк (SAP)'!$J$11:$J$346>=A5)) -> 0 | G5: =SUMPRODUCT(('Парк (SAP)'!$B$11:$B$346="Полюс Магадан")*('Парк (SAP)'!$D$11:$D$346="NTE")*('Парк (SAP)'!$H$11:$H$346<=EOMONTH(A5,0))*('Парк (SAP)'!$J$11:$J$346>=A5)) -> 6 | H5: =SUMPRODUCT(('Парк (SAP)'!$B$11:$B$346="Полюс Магадан")*('Парк (SAP)'!$D$11:$D$346="TR100")*('Парк (SAP)'!$H$11:$H$346<=EOMONTH(A5,0))*('Парк (SAP)'!$J$11:$J$346>=A5)) -> 0 | I5: =SUMPRODUCT(('Парк (SAP)'!$B$11:$B$346="Полюс Алдан")*('Парк (SAP)'!$D$11:$D$346="TR100")*('Парк (SAP)'!$H$11:$H$346<=EOMONTH(A5,0))*('Парк (SAP)'!$J$11:$J$346>=A5)) -> 1 | J5: =SUM(C5:I5) -> 9
A6: 45352 | B6: =YEAR(A6) -> 2024 | C6: =SUMPRODUCT(('Парк (SAP)'!$B$11:$B$346="Полюс Красноярск")*('Парк (SAP)'!$D$11:$D$346="NTE")*('Парк (SAP)'!$H$11:$H$346<=EOMONTH(A6,0))*('Парк (SAP)'!$J$11:$J$346>=A6)) -> 7 | D6: =SUMPRODUCT(('Парк (SAP)'!$B$11:$B$346="Полюс Красноярск")*('Парк (SAP)'!$D$11:$D$346="TR100")*('Парк (SAP)'!$H$11:$H$346<=EOMONTH(A6,0))*('Парк (SAP)'!$J$11:$J$346>=A6)) -> 0 | E6: =SUMPRODUCT(('Парк (SAP)'!$B$11:$B$346="Полюс Сухой Лог")*('Парк (SAP)'!$D$11:$D$346="NTE")*('Парк (SAP)'!$H$11:$H$346<=EOMONTH(A6,0))*('Парк (SAP)'!$J$11:$J$346>=A6)) -> 0 | F6: =SUMPRODUCT(('Парк (SAP)'!$B$11:$B$346="Полюс Сухой Лог")*('Парк (SAP)'!$D$11:$D$346="TR100")*('Парк (SAP)'!$H$11:$H$346<=EOMONTH(A6,0))*('Парк (SAP)'!$J$11:$J$346>=A6)) -> 0 | G6: =SUMPRODUCT(('Парк (SAP)'!$B$11:$B$346="Полюс Магадан")*('Парк (SAP)'!$D$11:$D$346="NTE")*('Парк (SAP)'!$H$11:$H$346<=EOMONTH(A6,0))*('Парк (SAP)'!$J$11:$J$346>=A6)) -> 11 | H6: =SUMPRODUCT(('Парк (SAP)'!$B$11:$B$346="Полюс Магадан")*('Парк (SAP)'!$D$11:$D$346="TR100")*('Парк (SAP)'!$H$11:$H$346<=EOMONTH(A6,0))*('Парк (SAP)'!$J$11:$J$346>=A6)) -> 0 | I6: =SUMPRODUCT(('Парк (SAP)'!$B$11:$B$346="Полюс Алдан")*('Парк (SAP)'!$D$11:$D$346="TR100")*('Парк (SAP)'!$H$11:$H$346<=EOMONTH(A6,0))*('Парк (SAP)'!$J$11:$J$346>=A6)) -> 1 | J6: =SUM(C6:I6) -> 19
A7: 45383 | B7: =YEAR(A7) -> 2024 | C7: =SUMPRODUCT(('Парк (SAP)'!$B$11:$B$346="Полюс Красноярск")*('Парк (SAP)'!$D$11:$D$346="NTE")*('Парк (SAP)'!$H$11:$H$346<=EOMONTH(A7,0))*('Парк (SAP)'!$J$11:$J$346>=A7)) -> 12 | D7: =SUMPRODUCT(('Парк (SAP)'!$B$11:$B$346="Полюс Красноярск")*('Парк (SAP)'!$D$11:$D$346="TR100")*('Парк (SAP)'!$H$11:$H$346<=EOMONTH(A7,0))*('Парк (SAP)'!$J$11:$J$346>=A7)) -> 0 | E7: =SUMPRODUCT(('Парк (SAP)'!$B$11:$B$346="Полюс Сухой Лог")*('Парк (SAP)'!$D$11:$D$346="NTE")*('Парк (SAP)'!$H$11:$H$346<=EOMONTH(A7,0))*('Парк (SAP)'!$J$11:$J$346>=A7)) -> 0 | F7: =SUMPRODUCT(('Парк (SAP)'!$B$11:$B$346="Полюс Сухой Лог")*('Парк (SAP)'!$D$11:$D$346="TR100")*('Парк (SAP)'!$H$11:$H$346<=EOMONTH(A7,0))*('Парк (SAP)'!$J$11:$J$346>=A7)) -> 0 | G7: =SUMPRODUCT(('Парк (SAP)'!$B$11:$B$346="Полюс Магадан")*('Парк (SAP)'!$D$11:$D$346="NTE")*('Парк (SAP)'!$H$11:$H$346<=EOMONTH(A7,0))*('Парк (SAP)'!$J$11:$J$346>=A7)) -> 16 | H7: =SUMPRODUCT(('Парк (SAP)'!$B$11:$B$346="Полюс Магадан")*('Парк (SAP)'!$D$11:$D$346="TR100")*('Парк (SAP)'!$H$11:$H$346<=EOMONTH(A7,0))*('Парк (SAP)'!$J$11:$J$346>=A7)) -> 0 | I7: =SUMPRODUCT(('Парк (SAP)'!$B$11:$B$346="Полюс Алдан")*('Парк (SAP)'!$D$11:$D$346="TR100")*('Парк (SAP)'!$H$11:$H$346<=EOMONTH(A7,0))*('Парк (SAP)'!$J$11:$J$346>=A7)) -> 1 | J7: =SUM(C7:I7) -> 29
A8: 45413 | B8: =YEAR(A8) -> 2024 | C8: =SUMPRODUCT(('Парк (SAP)'!$B$11:$B$346="Полюс Красноярск")*('Парк (SAP)'!$D$11:$D$346="NTE")*('Парк (SAP)'!$H$11:$H$346<=EOMONTH(A8,0))*('Парк (SAP)'!$J$11:$J$346>=A8)) -> 17 | D8: =SUMPRODUCT(('Парк (SAP)'!$B$11:$B$346="Полюс Красноярск")*('Парк (SAP)'!$D$11:$D$346="TR100")*('Парк (SAP)'!$H$11:$H$346<=EOMONTH(A8,0))*('Парк (SAP)'!$J$11:$J$346>=A8)) -> 0 | E8: =SUMPRODUCT(('Парк (SAP)'!$B$11:$B$346="Полюс Сухой Лог")*('Парк (SAP)'!$D$11:$D$346="NTE")*('Парк (SAP)'!$H$11:$H$346<=EOMONTH(A8,0))*('Парк (SAP)'!$J$11:$J$346>=A8)) -> 0 | F8: =SUMPRODUCT(('Парк (SAP)'!$B$11:$B$346="Полюс Сухой Лог")*('Парк (SAP)'!$D$11:$D$346="TR100")*('Парк (SAP)'!$H$11:$H$346<=EOMONTH(A8,0))*('Парк (SAP)'!$J$11:$J$346>=A8)) -> 2 | G8: =SUMPRODUCT(('Парк (SAP)'!$B$11:$B$346="Полюс Магадан")*('Парк (SAP)'!$D$11:$D$346="NTE")*('Парк (SAP)'!$H$11:$H$346<=EOMONTH(A8,0))*('Парк (SAP)'!$J$11:$J$346>=A8)) -> 20 | H8: =SUMPRODUCT(('Парк (SAP)'!$B$11:$B$346="Полюс Магадан")*('Парк (SAP)'!$D$11:$D$346="TR100")*('Парк (SAP)'!$H$11:$H$346<=EOMONTH(A8,0))*('Парк (SAP)'!$J$11:$J$346>=A8)) -> 0 | I8: =SUMPRODUCT(('Парк (SAP)'!$B$11:$B$346="Полюс Алдан")*('Парк (SAP)'!$D$11:$D$346="TR100")*('Парк (SAP)'!$H$11:$H$346<=EOMONTH(A8,0))*('Парк (SAP)'!$J$11:$J$346>=A8)) -> 1 | J8: =SUM(C8:I8) -> 40
A9: 45444 | B9: =YEAR(A9) -> 2024 | C9: =SUMPRODUCT(('Парк (SAP)'!$B$11:$B$346="Полюс Красноярск")*('Парк (SAP)'!$D$11:$D$346="NTE")*('Парк (SAP)'!$H$11:$H$346<=EOMONTH(A9,0))*('Парк (SAP)'!$J$11:$J$346>=A9)) -> 22 | D9: =SUMPRODUCT(('Парк (SAP)'!$B$11:$B$346="Полюс Красноярск")*('Парк (SAP)'!$D$11:$D$346="TR100")*('Парк (SAP)'!$H$11:$H$346<=EOMONTH(A9,0))*('Парк (SAP)'!$J$11:$J$346>=A9)) -> 0 | E9: =SUMPRODUCT(('Парк (SAP)'!$B$11:$B$346="Полюс Сухой Лог")*('Парк (SAP)'!$D$11:$D$346="NTE")*('Парк (SAP)'!$H$11:$H$346<=EOMONTH(A9,0))*('Парк (SAP)'!$J$11:$J$346>=A9)) -> 0 | F9: =SUMPRODUCT(('Парк (SAP)'!$B$11:$B$346="Полюс Сухой Лог")*('Парк (SAP)'!$D$11:$D$346="TR100")*('Парк (SAP)'!$H$11:$H$346<=EOMONTH(A9,0))*('Парк (SAP)'!$J$11:$J$346>=A9)) -> 2 | G9: =SUMPRODUCT(('Парк (SAP)'!$B$11:$B$346="Полюс Магадан")*('Парк (SAP)'!$D$11:$D$346="NTE")*('Парк (SAP)'!$H$11:$H$346<=EOMONTH(A9,0))*('Парк (SAP)'!$J$11:$J$346>=A9)) -> 20 | H9: =SUMPRODUCT(('Парк (SAP)'!$B$11:$B$346="Полюс Магадан")*('Парк (SAP)'!$D$11:$D$346="TR100")*('Парк (SAP)'!$H$11:$H$346<=EOMONTH(A9,0))*('Парк (SAP)'!$J$11:$J$346>=A9)) -> 0 | I9: =SUMPRODUCT(('Парк (SAP)'!$B$11:$B$346="Полюс Алдан")*('Парк (SAP)'!$D$11:$D$346="TR100")*('Парк (SAP)'!$H$11:$H$346<=EOMONTH(A9,0))*('Парк (SAP)'!$J$11:$J$346>=A9)) -> 1 | J9: =SUM(C9:I9) -> 45
A10: 45474 | B10: =YEAR(A10) -> 2024 | C10: =SUMPRODUCT(('Парк (SAP)'!$B$11:$B$346="Полюс Красноярск")*('Парк (SAP)'!$D$11:$D$346="NTE")*('Парк (SAP)'!$H$11:$H$346<=EOMONTH(A10,0))*('Парк (SAP)'!$J$11:$J$346>=A10)) -> 24 | D10: =SUMPRODUCT(('Парк (SAP)'!$B$11:$B$346="Полюс Красноярск")*('Парк (SAP)'!$D$11:$D$346="TR100")*('Парк (SAP)'!$H$11:$H$346<=EOMONTH(A10,0))*('Парк (SAP)'!$J$11:$J$346>=A10)) -> 0 | E10: =SUMPRODUCT(('Парк (SAP)'!$B$11:$B$346="Полюс Сухой Лог")*('Парк (SAP)'!$D$11:$D$346="NTE")*('Парк (SAP)'!$H$11:$H$346<=EOMONTH(A10,0))*('Парк (SAP)'!$J$11:$J$346>=A10)) -> 0 | F10: =SUMPRODUCT(('Парк (SAP)'!$B$11:$B$346="Полюс Сухой Лог")*('Парк (SAP)'!$D$11:$D$346="TR100")*('Парк (SAP)'!$H$11:$H$346<=EOMONTH(A10,0))*('Парк (SAP)'!$J$11:$J$346>=A10)) -> 9 | G10: =SUMPRODUCT(('Парк (SAP)'!$B$11:$B$346="Полюс Магадан")*('Парк (SAP)'!$D$11:$D$346="NTE")*('Парк (SAP)'!$H$11:$H$346<=EOMONTH(A10,0))*('Парк (SAP)'!$J$11:$J$346>=A10)) -> 20 | H10: =SUMPRODUCT(('Парк (SAP)'!$B$11:$B$346="Полюс Магадан")*('Парк (SAP)'!$D$11:$D$346="TR100")*('Парк (SAP)'!$H$11:$H$346<=EOMONTH(A10,0))*('Парк (SAP)'!$J$11:$J$346>=A10)) -> 0 | I10: =SUMPRODUCT(('Парк (SAP)'!$B$11:$B$346="Полюс Алдан")*('Парк (SAP)'!$D$11:$D$346="TR100")*('Парк (SAP)'!$H$11:$H$346<=EOMONTH(A10,0))*('Парк (SAP)'!$J$11:$J$346>=A10)) -> 1 | J10: =SUM(C10:I10) -> 54
A11: 45505 | B11: =YEAR(A11) -> 2024 | C11: =SUMPRODUCT(('Парк (SAP)'!$B$11:$B$346="Полюс Красноярск")*('Парк (SAP)'!$D$11:$D$346="NTE")*('Парк (SAP)'!$H$11:$H$346<=EOMONTH(A11,0))*('Парк (SAP)'!$J$11:$J$346>=A11)) -> 26 | D11: =SUMPRODUCT(('Парк (SAP)'!$B$11:$B$346="Полюс Красноярск")*('Парк (SAP)'!$D$11:$D$346="TR100")*('Парк (SAP)'!$H$11:$H$346<=EOMONTH(A11,0))*('Парк (SAP)'!$J$11:$J$346>=A11)) -> 0 | E11: =SUMPRODUCT(('Парк (SAP)'!$B$11:$B$346="Полюс Сухой Лог")*('Парк (SAP)'!$D$11:$D$346="NTE")*('Парк (SAP)'!$H$11:$H$346<=EOMONTH(A11,0))*('Парк (SAP)'!$J$11:$J$346>=A11)) -> 0 | F11: =SUMPRODUCT(('Парк (SAP)'!$B$11:$B$346="Полюс Сухой Лог")*('Парк (SAP)'!$D$11:$D$346="TR100")*('Парк (SAP)'!$H$11:$H$346<=EOMONTH(A11,0))*('Парк (SAP)'!$J$11:$J$346>=A11)) -> 9 | G11: =SUMPRODUCT(('Парк (SAP)'!$B$11:$B$346="Полюс Магадан")*('Парк (SAP)'!$D$11:$D$346="NTE")*('Парк (SAP)'!$H$11:$H$346<=EOMONTH(A11,0))*('Парк (SAP)'!$J$11:$J$346>=A11)) -> 20 | H11: =SUMPRODUCT(('Парк (SAP)'!$B$11:$B$346="Полюс Магадан")*('Парк (SAP)'!$D$11:$D$346="TR100")*('Парк (SAP)'!$H$11:$H$346<=EOMONTH(A11,0))*('Парк (SAP)'!$J$11:$J$346>=A11)) -> 0 | I11: =SUMPRODUCT(('Парк (SAP)'!$B$11:$B$346="Полюс Алдан")*('Парк (SAP)'!$D$11:$D$346="TR100")*('Парк (SAP)'!$H$11:$H$346<=EOMONTH(A11,0))*('Парк (SAP)'!$J$11:$J$346>=A11)) -> 1 | J11: =SUM(C11:I11) -> 56
A12: 45536 | B12: =YEAR(A12) -> 2024 | C12: =SUMPRODUCT(('Парк (SAP)'!$B$11:$B$346="Полюс Красноярск")*('Парк (SAP)'!$D$11:$D$346="NTE")*('Парк (SAP)'!$H$11:$H$346<=EOMONTH(A12,0))*('Парк (SAP)'!$J$11:$J$346>=A12)) -> 30 | D12: =SUMPRODUCT(('Парк (SAP)'!$B$11:$B$346="Полюс Красноярск")*('Парк (SAP)'!$D$11:$D$346="TR100")*('Парк (SAP)'!$H$11:$H$346<=EOMONTH(A12,0))*('Парк (SAP)'!$J$11:$J$346>=A12)) -> 0 | E12: =SUMPRODUCT(('Парк (SAP)'!$B$11:$B$346="Полюс Сухой Лог")*('Парк (SAP)'!$D$11:$D$346="NTE")*('Парк (SAP)'!$H$11:$H$346<=EOMONTH(A12,0))*('Парк (SAP)'!$J$11:$J$346>=A12)) -> 0 | F12: =SUMPRODUCT(('Парк (SAP)'!$B$11:$B$346="Полюс Сухой Лог")*('Парк (SAP)'!$D$11:$D$346="TR100")*('Парк (SAP)'!$H$11:$H$346<=EOMONTH(A12,0))*('Парк (SAP)'!$J$11:$J$346>=A12)) -> 9 | G12: =SUMPRODUCT(('Парк (SAP)'!$B$11:$B$346="Полюс Магадан")*('Парк (SAP)'!$D$11:$D$346="NTE")*('Парк (SAP)'!$H$11:$H$346<=EOMONTH(A12,0))*('Парк (SAP)'!$J$11:$J$346>=A12)) -> 20 | H12: =SUMPRODUCT(('Парк (SAP)'!$B$11:$B$346="Полюс Магадан")*('Парк (SAP)'!$D$11:$D$346="TR100")*('Парк (SAP)'!$H$11:$H$346<=EOMONTH(A12,0))*('Парк (SAP)'!$J$11:$J$346>=A12)) -> 0 | I12: =SUMPRODUCT(('Парк (SAP)'!$B$11:$B$346="Полюс Алдан")*('Парк (SAP)'!$D$11:$D$346="TR100")*('Парк (SAP)'!$H$11:$H$346<=EOMONTH(A12,0))*('Парк (SAP)'!$J$11:$J$346>=A12)) -> 1 | J12: =SUM(C12:I12) -> 60
A13: 45566 | B13: =YEAR(A13) -> 2024 | C13: =SUMPRODUCT(('Парк (SAP)'!$B$11:$B$346="Полюс Красноярск")*('Парк (SAP)'!$D$11:$D$346="NTE")*('Парк (SAP)'!$H$11:$H$346<=EOMONTH(A13,0))*('Парк (SAP)'!$J$11:$J$346>=A13)) -> 32 | D13: =SUMPRODUCT(('Парк (SAP)'!$B$11:$B$346="Полюс Красноярск")*('Парк (SAP)'!$D$11:$D$346="TR100")*('Парк (SAP)'!$H$11:$H$346<=EOMONTH(A13,0))*('Парк (SAP)'!$J$11:$J$346>=A13)) -> 0 | E13: =SUMPRODUCT(('Парк (SAP)'!$B$11:$B$346="Полюс Сухой Лог")*('Парк (SAP)'!$D$11:$D$346="NTE")*('Парк (SAP)'!$H$11:$H$346<=EOMONTH(A13,0))*('Парк (SAP)'!$J$11:$J$346>=A13)) -> 0 | F13: =SUMPRODUCT(('Парк (SAP)'!$B$11:$B$346="Полюс Сухой Лог")*('Парк (SAP)'!$D$11:$D$346="TR100")*('Парк (SAP)'!$H$11:$H$346<=EOMONTH(A13,0))*('Парк (SAP)'!$J$11:$J$346>=A13)) -> 9 | G13: =SUMPRODUCT(('Парк (SAP)'!$B$11:$B$346="Полюс Магадан")*('Парк (SAP)'!$D$11:$D$346="NTE")*('Парк (SAP)'!$H$11:$H$346<=EOMONTH(A13,0))*('Парк (SAP)'!$J$11:$J$346>=A13)) -> 20 | H13: =SUMPRODUCT(('Парк (SAP)'!$B$11:$B$346="Полюс Магадан")*('Парк (SAP)'!$D$11:$D$346="TR100")*('Парк (SAP)'!$H$11:$H$346<=EOMONTH(A13,0))*('Парк (SAP)'!$J$11:$J$346>=A13)) -> 0 | I13: =SUMPRODUCT(('Парк (SAP)'!$B$11:$B$346="Полюс Алдан")*('Парк (SAP)'!$D$11:$D$346="TR100")*('Парк (SAP)'!$H$11:$H$346<=EOMONTH(A13,0))*('Парк (SAP)'!$J$11:$J$346>=A13)) -> 1 | J13: =SUM(C13:I13) -> 62
A14: 45597 | B14: =YEAR(A14) -> 2024 | C14: =SUMPRODUCT(('Парк (SAP)'!$B$11:$B$346="Полюс Красноярск")*('Парк (SAP)'!$D$11:$D$346="NTE")*('Парк (SAP)'!$H$11:$H$346<=EOMONTH(A14,0))*('Парк (SAP)'!$J$11:$J$346>=A14)) -> 32 | D14: =SUMPRODUCT(('Парк (SAP)'!$B$11:$B$346="Полюс Красноярск")*('Парк (SAP)'!$D$11:$D$346="TR100")*('Парк (SAP)'!$H$11:$H$346<=EOMONTH(A14,0))*('Парк (SAP)'!$J$11:$J$346>=A14)) -> 0 | E14: =SUMPRODUCT(('Парк (SAP)'!$B$11:$B$346="Полюс Сухой Лог")*('Парк (SAP)'!$D$11:$D$346="NTE")*('Парк (SAP)'!$H$11:$H$346<=EOMONTH(A14,0))*('Парк (SAP)'!$J$11:$J$346>=A14)) -> 0 | F14: =SUMPRODUCT(('Парк (SAP)'!$B$11:$B$346="Полюс Сухой Лог")*('Парк (SAP)'!$D$11:$D$346="TR100")*('Парк (SAP)'!$H$11:$H$346<=EOMONTH(A14,0))*('Парк (SAP)'!$J$11:$J$346>=A14)) -> 9 | G14: =SUMPRODUCT(('Парк (SAP)'!$B$11:$B$346="Полюс Магадан")*('Парк (SAP)'!$D$11:$D$346="NTE")*('Парк (SAP)'!$H$11:$H$346<=EOMONTH(A14,0))*('Парк (SAP)'!$J$11:$J$346>=A14)) -> 20 | H14: =SUMPRODUCT(('Парк (SAP)'!$B$11:$B$346="Полюс Магадан")*('Парк (SAP)'!$D$11:$D$346="TR100")*('Парк (SAP)'!$H$11:$H$346<=EOMONTH(A14,0))*('Парк (SAP)'!$J$11:$J$346>=A14)) -> 0 | I14: =SUMPRODUCT(('Парк (SAP)'!$B$11:$B$346="Полюс Алдан")*('Парк (SAP)'!$D$11:$D$346="TR100")*('Парк (SAP)'!$H$11:$H$346<=EOMONTH(A14,0))*('Парк (SAP)'!$J$11:$J$346>=A14)) -> 1 | J14: =SUM(C14:I14) -> 62
A15: 45627 | B15: =YEAR(A15) -> 2024 | C15: =SUMPRODUCT(('Парк (SAP)'!$B$11:$B$346="Полюс Красноярск")*('Парк (SAP)'!$D$11:$D$346="NTE")*('Парк (SAP)'!$H$11:$H$346<=EOMONTH(A15,0))*('Парк (SAP)'!$J$11:$J$346>=A15)) -> 36 | D15: =SUMPRODUCT(('Парк (SAP)'!$B$11:$B$346="Полюс Красноярск")*('Парк (SAP)'!$D$11:$D$346="TR100")*('Парк (SAP)'!$H$11:$H$346<=EOMONTH(A15,0))*('Парк (SAP)'!$J$11:$J$346>=A15)) -> 0 | E15: =SUMPRODUCT(('Парк (SAP)'!$B$11:$B$346="Полюс Сухой Лог")*('Парк (SAP)'!$D$11:$D$346="NTE")*('Парк (SAP)'!$H$11:$H$346<=EOMONTH(A15,0))*('Парк (SAP)'!$J$11:$J$346>=A15)) -> 0 | F15: =SUMPRODUCT(('Парк (SAP)'!$B$11:$B$346="Полюс Сухой Лог")*('Парк (SAP)'!$D$11:$D$346="TR100")*('Парк (SAP)'!$H$11:$H$346<=EOMONTH(A15,0))*('Парк (SAP)'!$J$11:$J$346>=A15)) -> 9 | G15: =SUMPRODUCT(('Парк (SAP)'!$B$11:$B$346="Полюс Магадан")*('Парк (SAP)'!$D$11:$D$346="NTE")*('Парк (SAP)'!$H$11:$H$346<=EOMONTH(A15,0))*('Парк (SAP)'!$J$11:$J$346>=A15)) -> 22 | H15: =SUMPRODUCT(('Парк (SAP)'!$B$11:$B$346="Полюс Магадан")*('Парк (SAP)'!$D$11:$D$346="TR100")*('Парк (SAP)'!$H$11:$H$346<=EOMONTH(A15,0))*('Парк (SAP)'!$J$11:$J$346>=A15)) -> 0 | I15: =SUMPRODUCT(('Парк (SAP)'!$B$11:$B$346="Полюс Алдан")*('Парк (SAP)'!$D$11:$D$346="TR100")*('Парк (SAP)'!$H$11:$H$346<=EOMONTH(A15,0))*('Парк (SAP)'!$J$11:$J$346>=A15)) -> 1 | J15: =SUM(C15:I15) -> 68
A16: 45658 | B16: =YEAR(A16) -> 2025 | C16: =SUMPRODUCT(('Парк (SAP)'!$B$11:$B$346="Полюс Красноярск")*('Парк (SAP)'!$D$11:$D$346="NTE")*('Парк (SAP)'!$H$11:$H$346<=EOMONTH(A16,0))*('Парк (SAP)'!$J$11:$J$346>=A16)) -> 40 | D16: =SUMPRODUCT(('Парк (SAP)'!$B$11:$B$346="Полюс Красноярск")*('Парк (SAP)'!$D$11:$D$346="TR100")*('Парк (SAP)'!$H$11:$H$346<=EOMONTH(A16,0))*('Парк (SAP)'!$J$11:$J$346>=A16)) -> 0 | E16: =SUMPRODUCT(('Парк (SAP)'!$B$11:$B$346="Полюс Сухой Лог")*('Парк (SAP)'!$D$11:$D$346="NTE")*('Парк (SAP)'!$H$11:$H$346<=EOMONTH(A16,0))*('Парк (SAP)'!$J$11:$J$346>=A16)) -> 0 | F16: =SUMPRODUCT(('Парк (SAP)'!$B$11:$B$346="Полюс Сухой Лог")*('Парк (SAP)'!$D$11:$D$346="TR100")*('Парк (SAP)'!$H$11:$H$346<=EOMONTH(A16,0))*('Парк (SAP)'!$J$11:$J$346>=A16)) -> 9 | G16: =SUMPRODUCT(('Парк (SAP)'!$B$11:$B$346="Полюс Магадан")*('Парк (SAP)'!$D$11:$D$346="NTE")*('Парк (SAP)'!$H$11:$H$346<=EOMONTH(A16,0))*('Парк (SAP)'!$J$11:$J$346>=A16)) -> 28 | H16: =SUMPRODUCT(('Парк (SAP)'!$B$11:$B$346="Полюс Магадан")*('Парк (SAP)'!$D$11:$D$346="TR100")*('Парк (SAP)'!$H$11:$H$346<=EOMONTH(A16,0))*('Парк (SAP)'!$J$11:$J$346>=A16)) -> 0 | I16: =SUMPRODUCT(('Парк (SAP)'!$B$11:$B$346="Полюс Алдан")*('Парк (SAP)'!$D$11:$D$346="TR100")*('Парк (SAP)'!$H$11:$H$346<=EOMONTH(A16,0))*('Парк (SAP)'!$J$11:$J$346>=A16)) -> 1 | J16: =SUM(C16:I16) -> 78
... A93: 48000 | B93: =YEAR(A93) -> 2031 | C93: =SUMPRODUCT(('Парк (SAP)'!$B$11:$B$346="Полюс Красноярск")*('Парк (SAP)'!$D$11:$D$346="NTE")*('Парк (SAP)'!$H$11:$H$346<=EOMONTH(A93,0))*('Парк (SAP)'!$J$11:$J$346>=A93)) -> 0 | D93: =SUMPRODUCT(('Парк (SAP)'!$B$11:$B$346="Полюс Красноярск")*('Парк (SAP)'!$D$11:$D$346="TR100")*('Парк (SAP)'!$H$11:$H$346<=EOMONTH(A93,0))*('Парк (SAP)'!$J$11:$J$346>=A93)) -> 0 | E93: =SUMPRODUCT(('Парк (SAP)'!$B$11:$B$346="Полюс Сухой Лог")*('Парк (SAP)'!$D$11:$D$346="NTE")*('Парк (SAP)'!$H$11:$H$346<=EOMONTH(A93,0))*('Парк (SAP)'!$J$11:$J$346>=A93)) -> 0 | F93: =SUMPRODUCT(('Парк (SAP)'!$B$11:$B$346="Полюс Сухой Лог")*('Парк (SAP)'!$D$11:$D$346="TR100")*('Парк (SAP)'!$H$11:$H$346<=EOMONTH(A93,0))*('Парк (SAP)'!$J$11:$J$346>=A93)) -> 0 | G93: =SUMPRODUCT(('Парк (SAP)'!$B$11:$B$346="Полюс Магадан")*('Парк (SAP)'!$D$11:$D$346="NTE")*('Парк (SAP)'!$H$11:$H$346<=EOMONTH(A93,0))*('Парк (SAP)'!$J$11:$J$346>=A93)) -> 0 | H93: =SUMPRODUCT(('Парк (SAP)'!$B$11:$B$346="Полюс Магадан")*('Парк (SAP)'!$D$11:$D$346="TR100")*('Парк (SAP)'!$H$11:$H$346<=EOMONTH(A93,0))*('Парк (SAP)'!$J$11:$J$346>=A93)) -> 0 | I93: =SUMPRODUCT(('Парк (SAP)'!$B$11:$B$346="Полюс Алдан")*('Парк (SAP)'!$D$11:$D$346="TR100")*('Парк (SAP)'!$H$11:$H$346<=EOMONTH(A93,0))*('Парк (SAP)'!$J$11:$J$346>=A93)) -> 0 | J93: =SUM(C93:I93) -> 0
A95: ПИК | C95: =MAX(C5:C93) -> 53 | D95: =MAX(D5:D93) -> 22 | E95: =MAX(E5:E93) -> 76 | F95: =MAX(F5:F93) -> 9 | G95: =MAX(G5:G93) -> 34 | H95: =MAX(H5:H93) -> 7 | I95: =MAX(I5:I93) -> 28 | J95: =MAX(J5:J93) -> 151

Sheet ОФ - расчёт по месяцам
A1: ОФ — РАСЧЁТ ПО МЕСЯЦАМ (ПО ПЛОЩАДКАМ И МОДЕЛЯМ)
A2: Отдельный помесячный расчёт (аналог отчёта Power BI): ввод в эксплуатацию, парк на гарантии, выход из гарантии — по месяцам, с фильтром по площадке и марке. Срок гарантии здесь — единый параметр (упрощение для этого расчёта); детальный расчёт с раздельным сроком NTE/TR100 — на листе «Парк (SAP)».
A4: Площадка (БЕ) | C4: (Все) | E4: Марка | G4: (Все)
A5: Срок гарантии для этого расчёта, мес | C5: 24
A7: Месяц | B7: Введено на гарантию | C7: Машин на гарантии | D7: Сошло с гарантии | E7: Машин в эксплуатации | F7: Сошло с гарантии (накопитель)
A8: 45292 | B8: =SUMPRODUCT(((YEAR('Парк (SAP)'!$H$11:$H$346)*12+MONTH('Парк (SAP)'!$H$11:$H$346)-1)=(YEAR($A8)*12+MONTH($A8)-1))*((($C4="(Все)")+('Парк (SAP)'!$B$11:$B$346=$C4)>0))*((($G4="(Все)")+('Парк (SAP)'!$C$11:$C$346=$G4)>0))) -> 0 | C8: =E8 -> 0 | D8: =SUMPRODUCT((((YEAR('Парк (SAP)'!$H$11:$H$346)*12+MONTH('Парк (SAP)'!$H$11:$H$346)-1)+$C5)=(YEAR($A8)*12+MONTH($A8)-1))*((($C4="(Все)")+('Парк (SAP)'!$B$11:$B$346=$C4)>0))*((($G4="(Все)")+('Парк (SAP)'!$C$11:$C$346=$G4)>0))) -> 0 | E8: =SUMPRODUCT(((YEAR('Парк (SAP)'!$H$11:$H$346)*12+MONTH('Парк (SAP)'!$H$11:$H$346)-1)<=(YEAR($A8)*12+MONTH($A8)-1))*((($C4="(Все)")+('Парк (SAP)'!$B$11:$B$346=$C4)>0))*((($G4="(Все)")+('Парк (SAP)'!$C$11:$C$346=$G4)>0))) -> 0 | F8: =SUMPRODUCT((((YEAR('Парк (SAP)'!$H$11:$H$346)*12+MONTH('Парк (SAP)'!$H$11:$H$346)-1)+$C5)<=(YEAR($A8)*12+MONTH($A8)-1))*((($C4="(Все)")+('Парк (SAP)'!$B$11:$B$346=$C4)>0))*((($G4="(Все)")+('Парк (SAP)'!$C$11:$C$346=$G4)>0))) -> 0
A9: 45323 | B9: =SUMPRODUCT(((YEAR('Парк (SAP)'!$H$11:$H$346)*12+MONTH('Парк (SAP)'!$H$11:$H$346)-1)=(YEAR($A9)*12+MONTH($A9)-1))*((($C4="(Все)")+('Парк (SAP)'!$B$11:$B$346=$C4)>0))*((($G4="(Все)")+('Парк (SAP)'!$C$11:$C$346=$G4)>0))) -> 9 | C9: =E9-F8 -> 9 | D9: =SUMPRODUCT((((YEAR('Парк (SAP)'!$H$11:$H$346)*12+MONTH('Парк (SAP)'!$H$11:$H$346)-1)+$C5)=(YEAR($A9)*12+MONTH($A9)-1))*((($C4="(Все)")+('Парк (SAP)'!$B$11:$B$346=$C4)>0))*((($G4="(Все)")+('Парк (SAP)'!$C$11:$C$346=$G4)>0))) -> 0 | E9: =SUMPRODUCT(((YEAR('Парк (SAP)'!$H$11:$H$346)*12+MONTH('Парк (SAP)'!$H$11:$H$346)-1)<=(YEAR($A9)*12+MONTH($A9)-1))*((($C4="(Все)")+('Парк (SAP)'!$B$11:$B$346=$C4)>0))*((($G4="(Все)")+('Парк (SAP)'!$C$11:$C$346=$G4)>0))) -> 9 | F9: =SUMPRODUCT((((YEAR('Парк (SAP)'!$H$11:$H$346)*12+MONTH('Парк (SAP)'!$H$11:$H$346)-1)+$C5)<=(YEAR($A9)*12+MONTH($A9)-1))*((($C4="(Все)")+('Парк (SAP)'!$B$11:$B$346=$C4)>0))*((($G4="(Все)")+('Парк (SAP)'!$C$11:$C$346=$G4)>0))) -> 0
A10: 45352 | B10: =SUMPRODUCT(((YEAR('Парк (SAP)'!$H$11:$H$346)*12+MONTH('Парк (SAP)'!$H$11:$H$346)-1)=(YEAR($A10)*12+MONTH($A10)-1))*((($C4="(Все)")+('Парк (SAP)'!$B$11:$B$346=$C4)>0))*((($G4="(Все)")+('Парк (SAP)'!$C$11:$C$346=$G4)>0))) -> 10 | C10: =E10-F9 -> 19 | D10: =SUMPRODUCT((((YEAR('Парк (SAP)'!$H$11:$H$346)*12+MONTH('Парк (SAP)'!$H$11:$H$346)-1)+$C5)=(YEAR($A10)*12+MONTH($A10)-1))*((($C4="(Все)")+('Парк (SAP)'!$B$11:$B$346=$C4)>0))*((($G4="(Все)")+('Парк (SAP)'!$C$11:$C$346=$G4)>0))) -> 0 | E10: =SUMPRODUCT(((YEAR('Парк (SAP)'!$H$11:$H$346)*12+MONTH('Парк (SAP)'!$H$11:$H$346)-1)<=(YEAR($A10)*12+MONTH($A10)-1))*((($C4="(Все)")+('Парк (SAP)'!$B$11:$B$346=$C4)>0))*((($G4="(Все)")+('Парк (SAP)'!$C$11:$C$346=$G4)>0))) -> 19 | F10: =SUMPRODUCT((((YEAR('Парк (SAP)'!$H$11:$H$346)*12+MONTH('Парк (SAP)'!$H$11:$H$346)-1)+$C5)<=(YEAR($A10)*12+MONTH($A10)-1))*((($C4="(Все)")+('Парк (SAP)'!$B$11:$B$346=$C4)>0))*((($G4="(Все)")+('Парк (SAP)'!$C$11:$C$346=$G4)>0))) -> 0
A11: 45383 | B11: =SUMPRODUCT(((YEAR('Парк (SAP)'!$H$11:$H$346)*12+MONTH('Парк (SAP)'!$H$11:$H$346)-1)=(YEAR($A11)*12+MONTH($A11)-1))*((($C4="(Все)")+('Парк (SAP)'!$B$11:$B$346=$C4)>0))*((($G4="(Все)")+('Парк (SAP)'!$C$11:$C$346=$G4)>0))) -> 10 | C11: =E11-F10 -> 29 | D11: =SUMPRODUCT((((YEAR('Парк (SAP)'!$H$11:$H$346)*12+MONTH('Парк (SAP)'!$H$11:$H$346)-1)+$C5)=(YEAR($A11)*12+MONTH($A11)-1))*((($C4="(Все)")+('Парк (SAP)'!$B$11:$B$346=$C4)>0))*((($G4="(Все)")+('Парк (SAP)'!$C$11:$C$346=$G4)>0))) -> 0 | E11: =SUMPRODUCT(((YEAR('Парк (SAP)'!$H$11:$H$346)*12+MONTH('Парк (SAP)'!$H$11:$H$346)-1)<=(YEAR($A11)*12+MONTH($A11)-1))*((($C4="(Все)")+('Парк (SAP)'!$B$11:$B$346=$C4)>0))*((($G4="(Все)")+('Парк (SAP)'!$C$11:$C$346=$G4)>0))) -> 29 | F11: =SUMPRODUCT((((YEAR('Парк (SAP)'!$H$11:$H$346)*12+MONTH('Парк (SAP)'!$H$11:$H$346)-1)+$C5)<=(YEAR($A11)*12+MONTH($A11)-1))*((($C4="(Все)")+('Парк (SAP)'!$B$11:$B$346=$C4)>0))*((($G4="(Все)")+('Парк (SAP)'!$C$11:$C$346=$G4)>0))) -> 0
A12: 45413 | B12: =SUMPRODUCT(((YEAR('Парк (SAP)'!$H$11:$H$346)*12+MONTH('Парк (SAP)'!$H$11:$H$346)-1)=(YEAR($A12)*12+MONTH($A12)-1))*((($C4="(Все)")+('Парк (SAP)'!$B$11:$B$346=$C4)>0))*((($G4="(Все)")+('Парк (SAP)'!$C$11:$C$346=$G4)>0))) -> 11 | C12: =E12-F11 -> 40 | D12: =SUMPRODUCT((((YEAR('Парк (SAP)'!$H$11:$H$346)*12+MONTH('Парк (SAP)'!$H$11:$H$346)-1)+$C5)=(YEAR($A12)*12+MONTH($A12)-1))*((($C4="(Все)")+('Парк (SAP)'!$B$11:$B$346=$C4)>0))*((($G4="(Все)")+('Парк (SAP)'!$C$11:$C$346=$G4)>0))) -> 0 | E12: =SUMPRODUCT(((YEAR('Парк (SAP)'!$H$11:$H$346)*12+MONTH('Парк (SAP)'!$H$11:$H$346)-1)<=(YEAR($A12)*12+MONTH($A12)-1))*((($C4="(Все)")+('Парк (SAP)'!$B$11:$B$346=$C4)>0))*((($G4="(Все)")+('Парк (SAP)'!$C$11:$C$346=$G4)>0))) -> 40 | F12: =SUMPRODUCT((((YEAR('Парк (SAP)'!$H$11:$H$346)*12+MONTH('Парк (SAP)'!$H$11:$H$346)-1)+$C5)<=(YEAR($A12)*12+MONTH($A12)-1))*((($C4="(Все)")+('Парк (SAP)'!$B$11:$B$346=$C4)>0))*((($G4="(Все)")+('Парк (SAP)'!$C$11:$C$346=$G4)>0))) -> 0
A13: 45444 | B13: =SUMPRODUCT(((YEAR('Парк (SAP)'!$H$11:$H$346)*12+MONTH('Парк (SAP)'!$H$11:$H$346)-1)=(YEAR($A13)*12+MONTH($A13)-1))*((($C4="(Все)")+('Парк (SAP)'!$B$11:$B$346=$C4)>0))*((($G4="(Все)")+('Парк (SAP)'!$C$11:$C$346=$G4)>0))) -> 5 | C13: =E13-F12 -> 45 | D13: =SUMPRODUCT((((YEAR('Парк (SAP)'!$H$11:$H$346)*12+MONTH('Парк (SAP)'!$H$11:$H$346)-1)+$C5)=(YEAR($A13)*12+MONTH($A13)-1))*((($C4="(Все)")+('Парк (SAP)'!$B$11:$B$346=$C4)>0))*((($G4="(Все)")+('Парк (SAP)'!$C$11:$C$346=$G4)>0))) -> 0 | E13: =SUMPRODUCT(((YEAR('Парк (SAP)'!$H$11:$H$346)*12+MONTH('Парк (SAP)'!$H$11:$H$346)-1)<=(YEAR($A13)*12+MONTH($A13)-1))*((($C4="(Все)")+('Парк (SAP)'!$B$11:$B$346=$C4)>0))*((($G4="(Все)")+('Парк (SAP)'!$C$11:$C$346=$G4)>0))) -> 45 | F13: =SUMPRODUCT((((YEAR('Парк (SAP)'!$H$11:$H$346)*12+MONTH('Парк (SAP)'!$H$11:$H$346)-1)+$C5)<=(YEAR($A13)*12+MONTH($A13)-1))*((($C4="(Все)")+('Парк (SAP)'!$B$11:$B$346=$C4)>0))*((($G4="(Все)")+('Парк (SAP)'!$C$11:$C$346=$G4)>0))) -> 0
A14: 45474 | B14: =SUMPRODUCT(((YEAR('Парк (SAP)'!$H$11:$H$346)*12+MONTH('Парк (SAP)'!$H$11:$H$346)-1)=(YEAR($A14)*12+MONTH($A14)-1))*((($C4="(Все)")+('Парк (SAP)'!$B$11:$B$346=$C4)>0))*((($G4="(Все)")+('Парк (SAP)'!$C$11:$C$346=$G4)>0))) -> 9 | C14: =E14-F13 -> 54 | D14: =SUMPRODUCT((((YEAR('Парк (SAP)'!$H$11:$H$346)*12+MONTH('Парк (SAP)'!$H$11:$H$346)-1)+$C5)=(YEAR($A14)*12+MONTH($A14)-1))*((($C4="(Все)")+('Парк (SAP)'!$B$11:$B$346=$C4)>0))*((($G4="(Все)")+('Парк (SAP)'!$C$11:$C$346=$G4)>0))) -> 0 | E14: =SUMPRODUCT(((YEAR('Парк (SAP)'!$H$11:$H$346)*12+MONTH('Парк (SAP)'!$H$11:$H$346)-1)<=(YEAR($A14)*12+MONTH($A14)-1))*((($C4="(Все)")+('Парк (SAP)'!$B$11:$B$346=$C4)>0))*((($G4="(Все)")+('Парк (SAP)'!$C$11:$C$346=$G4)>0))) -> 54 | F14: =SUMPRODUCT((((YEAR('Парк (SAP)'!$H$11:$H$346)*12+MONTH('Парк (SAP)'!$H$11:$H$346)-1)+$C5)<=(YEAR($A14)*12+MONTH($A14)-1))*((($C4="(Все)")+('Парк (SAP)'!$B$11:$B$346=$C4)>0))*((($G4="(Все)")+('Парк (SAP)'!$C$11:$C$346=$G4)>0))) -> 0
A15: 45505 | B15: =SUMPRODUCT(((YEAR('Парк (SAP)'!$H$11:$H$346)*12+MONTH('Парк (SAP)'!$H$11:$H$346)-1)=(YEAR($A15)*12+MONTH($A15)-1))*((($C4="(Все)")+('Парк (SAP)'!$B$11:$B$346=$C4)>0))*((($G4="(Все)")+('Парк (SAP)'!$C$11:$C$346=$G4)>0))) -> 2 | C15: =E15-F14 -> 56 | D15: =SUMPRODUCT((((YEAR('Парк (SAP)'!$H$11:$H$346)*12+MONTH('Парк (SAP)'!$H$11:$H$346)-1)+$C5)=(YEAR($A15)*12+MONTH($A15)-1))*((($C4="(Все)")+('Парк (SAP)'!$B$11:$B$346=$C4)>0))*((($G4="(Все)")+('Парк (SAP)'!$C$11:$C$346=$G4)>0))) -> 0 | E15: =SUMPRODUCT(((YEAR('Парк (SAP)'!$H$11:$H$346)*12+MONTH('Парк (SAP)'!$H$11:$H$346)-1)<=(YEAR($A15)*12+MONTH($A15)-1))*((($C4="(Все)")+('Парк (SAP)'!$B$11:$B$346=$C4)>0))*((($G4="(Все)")+('Парк (SAP)'!$C$11:$C$346=$G4)>0))) -> 56 | F15: =SUMPRODUCT((((YEAR('Парк (SAP)'!$H$11:$H$346)*12+MONTH('Парк (SAP)'!$H$11:$H$346)-1)+$C5)<=(YEAR($A15)*12+MONTH($A15)-1))*((($C4="(Все)")+('Парк (SAP)'!$B$11:$B$346=$C4)>0))*((($G4="(Все)")+('Парк (SAP)'!$C$11:$C$346=$G4)>0))) -> 0
A16: 45536 | B16: =SUMPRODUCT(((YEAR('Парк (SAP)'!$H$11:$H$346)*12+MONTH('Парк (SAP)'!$H$11:$H$346)-1)=(YEAR($A16)*12+MONTH($A16)-1))*((($C4="(Все)")+('Парк (SAP)'!$B$11:$B$346=$C4)>0))*((($G4="(Все)")+('Парк (SAP)'!$C$11:$C$346=$G4)>0))) -> 4 | C16: =E16-F15 -> 60 | D16: =SUMPRODUCT((((YEAR('Парк (SAP)'!$H$11:$H$346)*12+MONTH('Парк (SAP)'!$H$11:$H$346)-1)+$C5)=(YEAR($A16)*12+MONTH($A16)-1))*((($C4="(Все)")+('Парк (SAP)'!$B$11:$B$346=$C4)>0))*((($G4="(Все)")+('Парк (SAP)'!$C$11:$C$346=$G4)>0))) -> 0 | E16: =SUMPRODUCT(((YEAR('Парк (SAP)'!$H$11:$H$346)*12+MONTH('Парк (SAP)'!$H$11:$H$346)-1)<=(YEAR($A16)*12+MONTH($A16)-1))*((($C4="(Все)")+('Парк (SAP)'!$B$11:$B$346=$C4)>0))*((($G4="(Все)")+('Парк (SAP)'!$C$11:$C$346=$G4)>0))) -> 60 | F16: =SUMPRODUCT((((YEAR('Парк (SAP)'!$H$11:$H$346)*12+MONTH('Парк (SAP)'!$H$11:$H$346)-1)+$C5)<=(YEAR($A16)*12+MONTH($A16)-1))*((($C4="(Все)")+('Парк (SAP)'!$B$11:$B$346=$C4)>0))*((($G4="(Все)")+('Парк (SAP)'!$C$11:$C$346=$G4)>0))) -> 0
A17: 45566 | B17: =SUMPRODUCT(((YEAR('Парк (SAP)'!$H$11:$H$346)*12+MONTH('Парк (SAP)'!$H$11:$H$346)-1)=(YEAR($A17)*12+MONTH($A17)-1))*((($C4="(Все)")+('Парк (SAP)'!$B$11:$B$346=$C4)>0))*((($G4="(Все)")+('Парк (SAP)'!$C$11:$C$346=$G4)>0))) -> 2 | C17: =E17-F16 -> 62 | D17: =SUMPRODUCT((((YEAR('Парк (SAP)'!$H$11:$H$346)*12+MONTH('Парк (SAP)'!$H$11:$H$346)-1)+$C5)=(YEAR($A17)*12+MONTH($A17)-1))*((($C4="(Все)")+('Парк (SAP)'!$B$11:$B$346=$C4)>0))*((($G4="(Все)")+('Парк (SAP)'!$C$11:$C$346=$G4)>0))) -> 0 | E17: =SUMPRODUCT(((YEAR('Парк (SAP)'!$H$11:$H$346)*12+MONTH('Парк (SAP)'!$H$11:$H$346)-1)<=(YEAR($A17)*12+MONTH($A17)-1))*((($C4="(Все)")+('Парк (SAP)'!$B$11:$B$346=$C4)>0))*((($G4="(Все)")+('Парк (SAP)'!$C$11:$C$346=$G4)>0))) -> 62 | F17: =SUMPRODUCT((((YEAR('Парк (SAP)'!$H$11:$H$346)*12+MONTH('Парк (SAP)'!$H$11:$H$346)-1)+$C5)<=(YEAR($A17)*12+MONTH($A17)-1))*((($C4="(Все)")+('Парк (SAP)'!$B$11:$B$346=$C4)>0))*((($G4="(Все)")+('Парк (SAP)'!$C$11:$C$346=$G4)>0))) -> 0
A18: 45597 | B18: =SUMPRODUCT(((YEAR('Парк (SAP)'!$H$11:$H$346)*12+MONTH('Парк (SAP)'!$H$11:$H$346)-1)=(YEAR($A18)*12+MONTH($A18)-1))*((($C4="(Все)")+('Парк (SAP)'!$B$11:$B$346=$C4)>0))*((($G4="(Все)")+('Парк (SAP)'!$C$11:$C$346=$G4)>0))) -> 0 | C18: =E18-F17 -> 62 | D18: =SUMPRODUCT((((YEAR('Парк (SAP)'!$H$11:$H$346)*12+MONTH('Парк (SAP)'!$H$11:$H$346)-1)+$C5)=(YEAR($A18)*12+MONTH($A18)-1))*((($C4="(Все)")+('Парк (SAP)'!$B$11:$B$346=$C4)>0))*((($G4="(Все)")+('Парк (SAP)'!$C$11:$C$346=$G4)>0))) -> 0 | E18: =SUMPRODUCT(((YEAR('Парк (SAP)'!$H$11:$H$346)*12+MONTH('Парк (SAP)'!$H$11:$H$346)-1)<=(YEAR($A18)*12+MONTH($A18)-1))*((($C4="(Все)")+('Парк (SAP)'!$B$11:$B$346=$C4)>0))*((($G4="(Все)")+('Парк (SAP)'!$C$11:$C$346=$G4)>0))) -> 62 | F18: =SUMPRODUCT((((YEAR('Парк (SAP)'!$H$11:$H$346)*12+MONTH('Парк (SAP)'!$H$11:$H$346)-1)+$C5)<=(YEAR($A18)*12+MONTH($A18)-1))*((($C4="(Все)")+('Парк (SAP)'!$B$11:$B$346=$C4)>0))*((($G4="(Все)")+('Парк (SAP)'!$C$11:$C$346=$G4)>0))) -> 0
A19: 45627 | B19: =SUMPRODUCT(((YEAR('Парк (SAP)'!$H$11:$H$346)*12+MONTH('Парк (SAP)'!$H$11:$H$346)-1)=(YEAR($A19)*12+MONTH($A19)-1))*((($C4="(Все)")+('Парк (SAP)'!$B$11:$B$346=$C4)>0))*((($G4="(Все)")+('Парк (SAP)'!$C$11:$C$346=$G4)>0))) -> 6 | C19: =E19-F18 -> 68 | D19: =SUMPRODUCT((((YEAR('Парк (SAP)'!$H$11:$H$346)*12+MONTH('Парк (SAP)'!$H$11:$H$346)-1)+$C5)=(YEAR($A19)*12+MONTH($A19)-1))*((($C4="(Все)")+('Парк (SAP)'!$B$11:$B$346=$C4)>0))*((($G4="(Все)")+('Парк (SAP)'!$C$11:$C$346=$G4)>0))) -> 0 | E19: =SUMPRODUCT(((YEAR('Парк (SAP)'!$H$11:$H$346)*12+MONTH('Парк (SAP)'!$H$11:$H$346)-1)<=(YEAR($A19)*12+MONTH($A19)-1))*((($C4="(Все)")+('Парк (SAP)'!$B$11:$B$346=$C4)>0))*((($G4="(Все)")+('Парк (SAP)'!$C$11:$C$346=$G4)>0))) -> 68 | F19: =SUMPRODUCT((((YEAR('Парк (SAP)'!$H$11:$H$346)*12+MONTH('Парк (SAP)'!$H$11:$H$346)-1)+$C5)<=(YEAR($A19)*12+MONTH($A19)-1))*((($C4="(Все)")+('Парк (SAP)'!$B$11:$B$346=$C4)>0))*((($G4="(Все)")+('Парк (SAP)'!$C$11:$C$346=$G4)>0))) -> 0
A20: 45658 | B20: =SUMPRODUCT(((YEAR('Парк (SAP)'!$H$11:$H$346)*12+MONTH('Парк (SAP)'!$H$11:$H$346)-1)=(YEAR($A20)*12+MONTH($A20)-1))*((($C4="(Все)")+('Парк (SAP)'!$B$11:$B$346=$C4)>0))*((($G4="(Все)")+('Парк (SAP)'!$C$11:$C$346=$G4)>0))) -> 10 | C20: =E20-F19 -> 78 | D20: =SUMPRODUCT((((YEAR('Парк (SAP)'!$H$11:$H$346)*12+MONTH('Парк (SAP)'!$H$11:$H$346)-1)+$C5)=(YEAR($A20)*12+MONTH($A20)-1))*((($C4="(Все)")+('Парк (SAP)'!$B$11:$B$346=$C4)>0))*((($G4="(Все)")+('Парк (SAP)'!$C$11:$C$346=$G4)>0))) -> 0 | E20: =SUMPRODUCT(((YEAR('Парк (SAP)'!$H$11:$H$346)*12+MONTH('Парк (SAP)'!$H$11:$H$346)-1)<=(YEAR($A20)*12+MONTH($A20)-1))*((($C4="(Все)")+('Парк (SAP)'!$B$11:$B$346=$C4)>0))*((($G4="(Все)")+('Парк (SAP)'!$C$11:$C$346=$G4)>0))) -> 78 | F20: =SUMPRODUCT((((YEAR('Парк (SAP)'!$H$11:$H$346)*12+MONTH('Парк (SAP)'!$H$11:$H$346)-1)+$C5)<=(YEAR($A20)*12+MONTH($A20)-1))*((($C4="(Все)")+('Парк (SAP)'!$B$11:$B$346=$C4)>0))*((($G4="(Все)")+('Парк (SAP)'!$C$11:$C$346=$G4)>0))) -> 0
A21: 45689 | B21: =SUMPRODUCT(((YEAR('Парк (SAP)'!$H$11:$H$346)*12+MONTH('Парк (SAP)'!$H$11:$H$346)-1)=(YEAR($A21)*12+MONTH($A21)-1))*((($C4="(Все)")+('Парк (SAP)'!$B$11:$B$346=$C4)>0))*((($G4="(Все)")+('Парк (SAP)'!$C$11:$C$346=$G4)>0))) -> 9 | C21: =E21-F20 -> 87 | D21: =SUMPRODUCT((((YEAR('Парк (SAP)'!$H$11:$H$346)*12+MONTH('Парк (SAP)'!$H$11:$H$346)-1)+$C5)=(YEAR($A21)*12+MONTH($A21)-1))*((($C4="(Все)")+('Парк (SAP)'!$B$11:$B$346=$C4)>0))*((($G4="(Все)")+('Парк (SAP)'!$C$11:$C$346=$G4)>0))) -> 0 | E21: =SUMPRODUCT(((YEAR('Парк (SAP)'!$H$11:$H$346)*12+MONTH('Парк (SAP)'!$H$11:$H$346)-1)<=(YEAR($A21)*12+MONTH($A21)-1))*((($C4="(Все)")+('Парк (SAP)'!$B$11:$B$346=$C4)>0))*((($G4="(Все)")+('Парк (SAP)'!$C$11:$C$346=$G4)>0))) -> 87 | F21: =SUMPRODUCT((((YEAR('Парк (SAP)'!$H$11:$H$346)*12+MONTH('Парк (SAP)'!$H$11:$H$346)-1)+$C5)<=(YEAR($A21)*12+MONTH($A21)-1))*((($C4="(Все)")+('Парк (SAP)'!$B$11:$B$346=$C4)>0))*((($G4="(Все)")+('Парк (SAP)'!$C$11:$C$346=$G4)>0))) -> 0
A22: 45717 | B22: =SUMPRODUCT(((YEAR('Парк (SAP)'!$H$11:$H$346)*12+MONTH('Парк (SAP)'!$H$11:$H$346)-1)=(YEAR($A22)*12+MONTH($A22)-1))*((($C4="(Все)")+('Парк (SAP)'!$B$11:$B$346=$C4)>0))*((($G4="(Все)")+('Парк (SAP)'!$C$11:$C$346=$G4)>0))) -> 13 | C22: =E22-F21 -> 100 | D22: =SUMPRODUCT((((YEAR('Парк (SAP)'!$H$11:$H$346)*12+MONTH('Парк (SAP)'!$H$11:$H$346)-1)+$C5)=(YEAR($A22)*12+MONTH($A22)-1))*((($C4="(Все)")+('Парк (SAP)'!$B$11:$B$346=$C4)>0))*((($G4="(Все)")+('Парк (SAP)'!$C$11:$C$346=$G4)>0))) -> 0 | E22: =SUMPRODUCT(((YEAR('Парк (SAP)'!$H$11:$H$346)*12+MONTH('Парк (SAP)'!$H$11:$H$346)-1)<=(YEAR($A22)*12+MONTH($A22)-1))*((($C4="(Все)")+('Парк (SAP)'!$B$11:$B$346=$C4)>0))*((($G4="(Все)")+('Парк (SAP)'!$C$11:$C$346=$G4)>0))) -> 100 | F22: =SUMPRODUCT((((YEAR('Парк (SAP)'!$H$11:$H$346)*12+MONTH('Парк (SAP)'!$H$11:$H$346)-1)+$C5)<=(YEAR($A22)*12+MONTH($A22)-1))*((($C4="(Все)")+('Парк (SAP)'!$B$11:$B$346=$C4)>0))*((($G4="(Все)")+('Парк (SAP)'!$C$11:$C$346=$G4)>0))) -> 0
A23: 45748 | B23: =SUMPRODUCT(((YEAR('Парк (SAP)'!$H$11:$H$346)*12+MONTH('Парк (SAP)'!$H$11:$H$346)-1)=(YEAR($A23)*12+MONTH($A23)-1))*((($C4="(Все)")+('Парк (SAP)'!$B$11:$B$346=$C4)>0))*((($G4="(Все)")+('Парк (SAP)'!$C$11:$C$346=$G4)>0))) -> 7 | C23: =E23-F22 -> 107 | D23: =SUMPRODUCT((((YEAR('Парк (SAP)'!$H$11:$H$346)*12+MONTH('Парк (SAP)'!$H$11:$H$346)-1)+$C5)=(YEAR($A23)*12+MONTH($A23)-1))*((($C4="(Все)")+('Парк (SAP)'!$B$11:$B$346=$C4)>0))*((($G4="(Все)")+('Парк (SAP)'!$C$11:$C$346=$G4)>0))) -> 0 | E23: =SUMPRODUCT(((YEAR('Парк (SAP)'!$H$11:$H$346)*12+MONTH('Парк (SAP)'!$H$11:$H$346)-1)<=(YEAR($A23)*12+MONTH($A23)-1))*((($C4="(Все)")+('Парк (SAP)'!$B$11:$B$346=$C4)>0))*((($G4="(Все)")+('Парк (SAP)'!$C$11:$C$346=$G4)>0))) -> 107 | F23: =SUMPRODUCT((((YEAR('Парк (SAP)'!$H$11:$H$346)*12+MONTH('Парк (SAP)'!$H$11:$H$346)-1)+$C5)<=(YEAR($A23)*12+MONTH($A23)-1))*((($C4="(Все)")+('Парк (SAP)'!$B$11:$B$346=$C4)>0))*((($G4="(Все)")+('Парк (SAP)'!$C$11:$C$346=$G4)>0))) -> 0
A24: 45778 | B24: =SUMPRODUCT(((YEAR('Парк (SAP)'!$H$11:$H$346)*12+MONTH('Парк (SAP)'!$H$11:$H$346)-1)=(YEAR($A24)*12+MONTH($A24)-1))*((($C4="(Все)")+('Парк (SAP)'!$B$11:$B$346=$C4)>0))*((($G4="(Все)")+('Парк (SAP)'!$C$11:$C$346=$G4)>0))) -> 4 | C24: =E24-F23 -> 111 | D24: =SUMPRODUCT((((YEAR('Парк (SAP)'!$H$11:$H$346)*12+MONTH('Парк (SAP)'!$H$11:$H$346)-1)+$C5)=(YEAR($A24)*12+MONTH($A24)-1))*((($C4="(Все)")+('Парк (SAP)'!$B$11:$B$346=$C4)>0))*((($G4="(Все)")+('Парк (SAP)'!$C$11:$C$346=$G4)>0))) -> 0 | E24: =SUMPRODUCT(((YEAR('Парк (SAP)'!$H$11:$H$346)*12+MONTH('Парк (SAP)'!$H$11:$H$346)-1)<=(YEAR($A24)*12+MONTH($A24)-1))*((($C4="(Все)")+('Парк (SAP)'!$B$11:$B$346=$C4)>0))*((($G4="(Все)")+('Парк (SAP)'!$C$11:$C$346=$G4)>0))) -> 111 | F24: =SUMPRODUCT((((YEAR('Парк (SAP)'!$H$11:$H$346)*12+MONTH('Парк (SAP)'!$H$11:$H$346)-1)+$C5)<=(YEAR($A24)*12+MONTH($A24)-1))*((($C4="(Все)")+('Парк (SAP)'!$B$11:$B$346=$C4)>0))*((($G4="(Все)")+('Парк (SAP)'!$C$11:$C$346=$G4)>0))) -> 0
A25: 45809 | B25: =SUMPRODUCT(((YEAR('Парк (SAP)'!$H$11:$H$346)*12+MONTH('Парк (SAP)'!$H$11:$H$346)-1)=(YEAR($A25)*12+MONTH($A25)-1))*((($C4="(Все)")+('Парк (SAP)'!$B$11:$B$346=$C4)>0))*((($G4="(Все)")+('Парк (SAP)'!$C$11:$C$346=$G4)>0))) -> 4 | C25: =E25-F24 -> 115 | D25: =SUMPRODUCT((((YEAR('Парк (SAP)'!$H$11:$H$346)*12+MONTH('Парк (SAP)'!$H$11:$H$346)-1)+$C5)=(YEAR($A25)*12+MONTH($A25)-1))*((($C4="(Все)")+('Парк (SAP)'!$B$11:$B$346=$C4)>0))*((($G4="(Все)")+('Парк (SAP)'!$C$11:$C$346=$G4)>0))) -> 0 | E25: =SUMPRODUCT(((YEAR('Парк (SAP)'!$H$11:$H$346)*12+MONTH('Парк (SAP)'!$H$11:$H$346)-1)<=(YEAR($A25)*12+MONTH($A25)-1))*((($C4="(Все)")+('Парк (SAP)'!$B$11:$B$346=$C4)>0))*((($G4="(Все)")+('Парк (SAP)'!$C$11:$C$346=$G4)>0))) -> 115 | F25: =SUMPRODUCT((((YEAR('Парк (SAP)'!$H$11:$H$346)*12+MONTH('Парк (SAP)'!$H$11:$H$346)-1)+$C5)<=(YEAR($A25)*12+MONTH($A25)-1))*((($C4="(Все)")+('Парк (SAP)'!$B$11:$B$346=$C4)>0))*((($G4="(Все)")+('Парк (SAP)'!$C$11:$C$346=$G4)>0))) -> 0
A26: 45839 | B26: =SUMPRODUCT(((YEAR('Парк (SAP)'!$H$11:$H$346)*12+MONTH('Парк (SAP)'!$H$11:$H$346)-1)=(YEAR($A26)*12+MONTH($A26)-1))*((($C4="(Все)")+('Парк (SAP)'!$B$11:$B$346=$C4)>0))*((($G4="(Все)")+('Парк (SAP)'!$C$11:$C$346=$G4)>0))) -> 7 | C26: =E26-F25 -> 122 | D26: =SUMPRODUCT((((YEAR('Парк (SAP)'!$H$11:$H$346)*12+MONTH('Парк (SAP)'!$H$11:$H$346)-1)+$C5)=(YEAR($A26)*12+MONTH($A26)-1))*((($C4="(Все)")+('Парк (SAP)'!$B$11:$B$346=$C4)>0))*((($G4="(Все)")+('Парк (SAP)'!$C$11:$C$346=$G4)>0))) -> 0 | E26: =SUMPRODUCT(((YEAR('Парк (SAP)'!$H$11:$H$346)*12+MONTH('Парк (SAP)'!$H$11:$H$346)-1)<=(YEAR($A26)*12+MONTH($A26)-1))*((($C4="(Все)")+('Парк (SAP)'!$B$11:$B$346=$C4)>0))*((($G4="(Все)")+('Парк (SAP)'!$C$11:$C$346=$G4)>0))) -> 122 | F26: =SUMPRODUCT((((YEAR('Парк (SAP)'!$H$11:$H$346)*12+MONTH('Парк (SAP)'!$H$11:$H$346)-1)+$C5)<=(YEAR($A26)*12+MONTH($A26)-1))*((($C4="(Все)")+('Парк (SAP)'!$B$11:$B$346=$C4)>0))*((($G4="(Все)")+('Парк (SAP)'!$C$11:$C$346=$G4)>0))) -> 0
A27: 45870 | B27: =SUMPRODUCT(((YEAR('Парк (SAP)'!$H$11:$H$346)*12+MONTH('Парк (SAP)'!$H$11:$H$346)-1)=(YEAR($A27)*12+MONTH($A27)-1))*((($C4="(Все)")+('Парк (SAP)'!$B$11:$B$346=$C4)>0))*((($G4="(Все)")+('Парк (SAP)'!$C$11:$C$346=$G4)>0))) -> 5 | C27: =E27-F26 -> 127 | D27: =SUMPRODUCT((((YEAR('Парк (SAP)'!$H$11:$H$346)*12+MONTH('Парк (SAP)'!$H$11:$H$346)-1)+$C5)=(YEAR($A27)*12+MONTH($A27)-1))*((($C4="(Все)")+('Парк (SAP)'!$B$11:$B$346=$C4)>0))*((($G4="(Все)")+('Парк (SAP)'!$C$11:$C$346=$G4)>0))) -> 0 | E27: =SUMPRODUCT(((YEAR('Парк (SAP)'!$H$11:$H$346)*12+MONTH('Парк (SAP)'!$H$11:$H$346)-1)<=(YEAR($A27)*12+MONTH($A27)-1))*((($C4="(Все)")+('Парк (SAP)'!$B$11:$B$346=$C4)>0))*((($G4="(Все)")+('Парк (SAP)'!$C$11:$C$346=$G4)>0))) -> 127 | F27: =SUMPRODUCT((((YEAR('Парк (SAP)'!$H$11:$H$346)*12+MONTH('Парк (SAP)'!$H$11:$H$346)-1)+$C5)<=(YEAR($A27)*12+MONTH($A27)-1))*((($C4="(Все)")+('Парк (SAP)'!$B$11:$B$346=$C4)>0))*((($G4="(Все)")+('Парк (SAP)'!$C$11:$C$346=$G4)>0))) -> 0
A28: 45901 | B28: =SUMPRODUCT(((YEAR('Парк (SAP)'!$H$11:$H$346)*12+MONTH('Парк (SAP)'!$H$11:$H$346)-1)=(YEAR($A28)*12+MONTH($A28)-1))*((($C4="(Все)")+('Парк (SAP)'!$B$11:$B$346=$C4)>0))*((($G4="(Все)")+('Парк (SAP)'!$C$11:$C$346=$G4)>0))) -> 9 | C28: =E28-F27 -> 136 | D28: =SUMPRODUCT((((YEAR('Парк (SAP)'!$H$11:$H$346)*12+MONTH('Парк (SAP)'!$H$11:$H$346)-1)+$C5)=(YEAR($A28)*12+MONTH($A28)-1))*((($C4="(Все)")+('Парк (SAP)'!$B$11:$B$346=$C4)>0))*((($G4="(Все)")+('Парк (SAP)'!$C$11:$C$346=$G4)>0))) -> 0 | E28: =SUMPRODUCT(((YEAR('Парк (SAP)'!$H$11:$H$346)*12+MONTH('Парк (SAP)'!$H$11:$H$346)-1)<=(YEAR($A28)*12+MONTH($A28)-1))*((($C4="(Все)")+('Парк (SAP)'!$B$11:$B$346=$C4)>0))*((($G4="(Все)")+('Парк (SAP)'!$C$11:$C$346=$G4)>0))) -> 136 | F28: =SUMPRODUCT((((YEAR('Парк (SAP)'!$H$11:$H$346)*12+MONTH('Парк (SAP)'!$H$11:$H$346)-1)+$C5)<=(YEAR($A28)*12+MONTH($A28)-1))*((($C4="(Все)")+('Парк (SAP)'!$B$11:$B$346=$C4)>0))*((($G4="(Все)")+('Парк (SAP)'!$C$11:$C$346=$G4)>0))) -> 0
A29: 45931 | B29: =SUMPRODUCT(((YEAR('Парк (SAP)'!$H$11:$H$346)*12+MONTH('Парк (SAP)'!$H$11:$H$346)-1)=(YEAR($A29)*12+MONTH($A29)-1))*((($C4="(Все)")+('Парк (SAP)'!$B$11:$B$346=$C4)>0))*((($G4="(Все)")+('Парк (SAP)'!$C$11:$C$346=$G4)>0))) -> 8 | C29: =E29-F28 -> 144 | D29: =SUMPRODUCT((((YEAR('Парк (SAP)'!$H$11:$H$346)*12+MONTH('Парк (SAP)'!$H$11:$H$346)-1)+$C5)=(YEAR($A29)*12+MONTH($A29)-1))*((($C4="(Все)")+('Парк (SAP)'!$B$11:$B$346=$C4)>0))*((($G4="(Все)")+('Парк (SAP)'!$C$11:$C$346=$G4)>0))) -> 0 | E29: =SUMPRODUCT(((YEAR('Парк (SAP)'!$H$11:$H$346)*12+MONTH('Парк (SAP)'!$H$11:$H$346)-1)<=(YEAR($A29)*12+MONTH($A29)-1))*((($C4="(Все)")+('Парк (SAP)'!$B$11:$B$346=$C4)>0))*((($G4="(Все)")+('Парк (SAP)'!$C$11:$C$346=$G4)>0))) -> 144 | F29: =SUMPRODUCT((((YEAR('Парк (SAP)'!$H$11:$H$346)*12+MONTH('Парк (SAP)'!$H$11:$H$346)-1)+$C5)<=(YEAR($A29)*12+MONTH($A29)-1))*((($C4="(Все)")+('Парк (SAP)'!$B$11:$B$346=$C4)>0))*((($G4="(Все)")+('Парк (SAP)'!$C$11:$C$346=$G4)>0))) -> 0
A30: 45962 | B30: =SUMPRODUCT(((YEAR('Парк (SAP)'!$H$11:$H$346)*12+MONTH('Парк (SAP)'!$H$11:$H$346)-1)=(YEAR($A30)*12+MONTH($A30)-1))*((($C4="(Все)")+('Парк (SAP)'!$B$11:$B$346=$C4)>0))*((($G4="(Все)")+('Парк (SAP)'!$C$11:$C$346=$G4)>0))) -> 1 | C30: =E30-F29 -> 145 | D30: =SUMPRODUCT((((YEAR('Парк (SAP)'!$H$11:$H$346)*12+MONTH('Парк (SAP)'!$H$11:$H$346)-1)+$C5)=(YEAR($A30)*12+MONTH($A30)-1))*((($C4="(Все)")+('Парк (SAP)'!$B$11:$B$346=$C4)>0))*((($G4="(Все)")+('Парк (SAP)'!$C$11:$C$346=$G4)>0))) -> 0 | E30: =SUMPRODUCT(((YEAR('Парк (SAP)'!$H$11:$H$346)*12+MONTH('Парк (SAP)'!$H$11:$H$346)-1)<=(YEAR($A30)*12+MONTH($A30)-1))*((($C4="(Все)")+('Парк (SAP)'!$B$11:$B$346=$C4)>0))*((($G4="(Все)")+('Парк (SAP)'!$C$11:$C$346=$G4)>0))) -> 145 | F30: =SUMPRODUCT((((YEAR('Парк (SAP)'!$H$11:$H$346)*12+MONTH('Парк (SAP)'!$H$11:$H$346)-1)+$C5)<=(YEAR($A30)*12+MONTH($A30)-1))*((($C4="(Все)")+('Парк (SAP)'!$B$11:$B$346=$C4)>0))*((($G4="(Все)")+('Парк (SAP)'!$C$11:$C$346=$G4)>0))) -> 0
A31: 45992 | B31: =SUMPRODUCT(((YEAR('Парк (SAP)'!$H$11:$H$346)*12+MONTH('Парк (SAP)'!$H$11:$H$346)-1)=(YEAR($A31)*12+MONTH($A31)-1))*((($C4="(Все)")+('Парк (SAP)'!$B$11:$B$346=$C4)>0))*((($G4="(Все)")+('Парк (SAP)'!$C$11:$C$346=$G4)>0))) -> 7 | C31: =E31-F30 -> 152 | D31: =SUMPRODUCT((((YEAR('Парк (SAP)'!$H$11:$H$346)*12+MONTH('Парк (SAP)'!$H$11:$H$346)-1)+$C5)=(YEAR($A31)*12+MONTH($A31)-1))*((($C4="(Все)")+('Парк (SAP)'!$B$11:$B$346=$C4)>0))*((($G4="(Все)")+('Парк (SAP)'!$C$11:$C$346=$G4)>0))) -> 0 | E31: =SUMPRODUCT(((YEAR('Парк (SAP)'!$H$11:$H$346)*12+MONTH('Парк (SAP)'!$H$11:$H$346)-1)<=(YEAR($A31)*12+MONTH($A31)-1))*((($C4="(Все)")+('Парк (SAP)'!$B$11:$B$346=$C4)>0))*((($G4="(Все)")+('Парк (SAP)'!$C$11:$C$346=$G4)>0))) -> 152 | F31: =SUMPRODUCT((((YEAR('Парк (SAP)'!$H$11:$H$346)*12+MONTH('Парк (SAP)'!$H$11:$H$346)-1)+$C5)<=(YEAR($A31)*12+MONTH($A31)-1))*((($C4="(Все)")+('Парк (SAP)'!$B$11:$B$346=$C4)>0))*((($G4="(Все)")+('Парк (SAP)'!$C$11:$C$346=$G4)>0))) -> 0
A32: 46023 | B32: =SUMPRODUCT(((YEAR('Парк (SAP)'!$H$11:$H$346)*12+MONTH('Парк (SAP)'!$H$11:$H$346)-1)=(YEAR($A32)*12+MONTH($A32)-1))*((($C4="(Все)")+('Парк (SAP)'!$B$11:$B$346=$C4)>0))*((($G4="(Все)")+('Парк (SAP)'!$C$11:$C$346=$G4)>0))) -> 6 | C32: =E32-F31 -> 158 | D32: =SUMPRODUCT((((YEAR('Парк (SAP)'!$H$11:$H$346)*12+MONTH('Парк (SAP)'!$H$11:$H$346)-1)+$C5)=(YEAR($A32)*12+MONTH($A32)-1))*((($C4="(Все)")+('Парк (SAP)'!$B$11:$B$346=$C4)>0))*((($G4="(Все)")+('Парк (SAP)'!$C$11:$C$346=$G4)>0))) -> 0 | E32: =SUMPRODUCT(((YEAR('Парк (SAP)'!$H$11:$H$346)*12+MONTH('Парк (SAP)'!$H$11:$H$346)-1)<=(YEAR($A32)*12+MONTH($A32)-1))*((($C4="(Все)")+('Парк (SAP)'!$B$11:$B$346=$C4)>0))*((($G4="(Все)")+('Парк (SAP)'!$C$11:$C$346=$G4)>0))) -> 158 | F32: =SUMPRODUCT((((YEAR('Парк (SAP)'!$H$11:$H$346)*12+MONTH('Парк (SAP)'!$H$11:$H$346)-1)+$C5)<=(YEAR($A32)*12+MONTH($A32)-1))*((($C4="(Все)")+('Парк (SAP)'!$B$11:$B$346=$C4)>0))*((($G4="(Все)")+('Парк (SAP)'!$C$11:$C$346=$G4)>0))) -> 0
A33: 46054 | B33: =SUMPRODUCT(((YEAR('Парк (SAP)'!$H$11:$H$346)*12+MONTH('Парк (SAP)'!$H$11:$H$346)-1)=(YEAR($A33)*12+MONTH($A33)-1))*((($C4="(Все)")+('Парк (SAP)'!$B$11:$B$346=$C4)>0))*((($G4="(Все)")+('Парк (SAP)'!$C$11:$C$346=$G4)>0))) -> 11 | C33: =E33-F32 -> 169 | D33: =SUMPRODUCT((((YEAR('Парк (SAP)'!$H$11:$H$346)*12+MONTH('Парк (SAP)'!$H$11:$H$346)-1)+$C5)=(YEAR($A33)*12+MONTH($A33)-1))*((($C4="(Все)")+('Парк (SAP)'!$B$11:$B$346=$C4)>0))*((($G4="(Все)")+('Парк (SAP)'!$C$11:$C$346=$G4)>0))) -> 9 | E33: =SUMPRODUCT(((YEAR('Парк (SAP)'!$H$11:$H$346)*12+MONTH('Парк (SAP)'!$H$11:$H$346)-1)<=(YEAR($A33)*12+MONTH($A33)-1))*((($C4="(Все)")+('Парк (SAP)'!$B$11:$B$346=$C4)>0))*((($G4="(Все)")+('Парк (SAP)'!$C$11:$C$346=$G4)>0))) -> 169 | F33: =SUMPRODUCT((((YEAR('Парк (SAP)'!$H$11:$H$346)*12+MONTH('Парк (SAP)'!$H$11:$H$346)-1)+$C5)<=(YEAR($A33)*12+MONTH($A33)-1))*((($C4="(Все)")+('Парк (SAP)'!$B$11:$B$346=$C4)>0))*((($G4="(Все)")+('Парк (SAP)'!$C$11:$C$346=$G4)>0))) -> 9
A34: 46082 | B34: =SUMPRODUCT(((YEAR('Парк (SAP)'!$H$11:$H$346)*12+MONTH('Парк (SAP)'!$H$11:$H$346)-1)=(YEAR($A34)*12+MONTH($A34)-1))*((($C4="(Все)")+('Парк (SAP)'!$B$11:$B$346=$C4)>0))*((($G4="(Все)")+('Парк (SAP)'!$C$11:$C$346=$G4)>0))) -> 13 | C34: =E34-F33 -> 173 | D34: =SUMPRODUCT((((YEAR('Парк (SAP)'!$H$11:$H$346)*12+MONTH('Парк (SAP)'!$H$11:$H$346)-1)+$C5)=(YEAR($A34)*12+MONTH($A34)-1))*((($C4="(Все)")+('Парк (SAP)'!$B$11:$B$346=$C4)>0))*((($G4="(Все)")+('Парк (SAP)'!$C$11:$C$346=$G4)>0))) -> 10 | E34: =SUMPRODUCT(((YEAR('Парк (SAP)'!$H$11:$H$346)*12+MONTH('Парк (SAP)'!$H$11:$H$346)-1)<=(YEAR($A34)*12+MONTH($A34)-1))*((($C4="(Все)")+('Парк (SAP)'!$B$11:$B$346=$C4)>0))*((($G4="(Все)")+('Парк (SAP)'!$C$11:$C$346=$G4)>0))) -> 182 | F34: =SUMPRODUCT((((YEAR('Парк (SAP)'!$H$11:$H$346)*12+MONTH('Парк (SAP)'!$H$11:$H$346)-1)+$C5)<=(YEAR($A34)*12+MONTH($A34)-1))*((($C4="(Все)")+('Парк (SAP)'!$B$11:$B$346=$C4)>0))*((($G4="(Все)")+('Парк (SAP)'!$C$11:$C$346=$G4)>0))) -> 19
A35: 46113 | B35: =SUMPRODUCT(((YEAR('Парк (SAP)'!$H$11:$H$346)*12+MONTH('Парк (SAP)'!$H$11:$H$346)-1)=(YEAR($A35)*12+MONTH($A35)-1))*((($C4="(Все)")+('Парк (SAP)'!$B$11:$B$346=$C4)>0))*((($G4="(Все)")+('Парк (SAP)'!$C$11:$C$346=$G4)>0))) -> 9 | C35: =E35-F34 -> 172 | D35: =SUMPRODUCT((((YEAR('Парк (SAP)'!$H$11:$H$346)*12+MONTH('Парк (SAP)'!$H$11:$H$346)-1)+$C5)=(YEAR($A35)*12+MONTH($A35)-1))*((($C4="(Все)")+('Парк (SAP)'!$B$11:$B$346=$C4)>0))*((($G4="(Все)")+('Парк (SAP)'!$C$11:$C$346=$G4)>0))) -> 10 | E35: =SUMPRODUCT(((YEAR('Парк (SAP)'!$H$11:$H$346)*12+MONTH('Парк (SAP)'!$H$11:$H$346)-1)<=(YEAR($A35)*12+MONTH($A35)-1))*((($C4="(Все)")+('Парк (SAP)'!$B$11:$B$346=$C4)>0))*((($G4="(Все)")+('Парк (SAP)'!$C$11:$C$346=$G4)>0))) -> 191 | F35: =SUMPRODUCT((((YEAR('Парк (SAP)'!$H$11:$H$346)*12+MONTH('Парк (SAP)'!$H$11:$H$346)-1)+$C5)<=(YEAR($A35)*12+MONTH($A35)-1))*((($C4="(Все)")+('Парк (SAP)'!$B$11:$B$346=$C4)>0))*((($G4="(Все)")+('Парк (SAP)'!$C$11:$C$346=$G4)>0))) -> 29
A36: 46143 | B36: =SUMPRODUCT(((YEAR('Парк (SAP)'!$H$11:$H$346)*12+MONTH('Парк (SAP)'!$H$11:$H$346)-1)=(YEAR($A36)*12+MONTH($A36)-1))*((($C4="(Все)")+('Парк (SAP)'!$B$11:$B$346=$C4)>0))*((($G4="(Все)")+('Парк (SAP)'!$C$11:$C$346=$G4)>0))) -> 5 | C36: =E36-F35 -> 167 | D36: =SUMPRODUCT((((YEAR('Парк (SAP)'!$H$11:$H$346)*12+MONTH('Парк (SAP)'!$H$11:$H$346)-1)+$C5)=(YEAR($A36)*12+MONTH($A36)-1))*((($C4="(Все)")+('Парк (SAP)'!$B$11:$B$346=$C4)>0))*((($G4="(Все)")+('Парк (SAP)'!$C$11:$C$346=$G4)>0))) -> 11 | E36: =SUMPRODUCT(((YEAR('Парк (SAP)'!$H$11:$H$346)*12+MONTH('Парк (SAP)'!$H$11:$H$346)-1)<=(YEAR($A36)*12+MONTH($A36)-1))*((($C4="(Все)")+('Парк (SAP)'!$B$11:$B$346=$C4)>0))*((($G4="(Все)")+('Парк (SAP)'!$C$11:$C$346=$G4)>0))) -> 196 | F36: =SUMPRODUCT((((YEAR('Парк (SAP)'!$H$11:$H$346)*12+MONTH('Парк (SAP)'!$H$11:$H$346)-1)+$C5)<=(YEAR($A36)*12+MONTH($A36)-1))*((($C4="(Все)")+('Парк (SAP)'!$B$11:$B$346=$C4)>0))*((($G4="(Все)")+('Парк (SAP)'!$C$11:$C$346=$G4)>0))) -> 40
A37: 46174 | B37: =SUMPRODUCT(((YEAR('Парк (SAP)'!$H$11:$H$346)*12+MONTH('Парк (SAP)'!$H$11:$H$346)-1)=(YEAR($A37)*12+MONTH($A37)-1))*((($C4="(Все)")+('Парк (SAP)'!$B$11:$B$346=$C4)>0))*((($G4="(Все)")+('Парк (SAP)'!$C$11:$C$346=$G4)>0))) -> 6 | C37: =E37-F36 -> 162 | D37: =SUMPRODUCT((((YEAR('Парк (SAP)'!$H$11:$H$346)*12+MONTH('Парк (SAP)'!$H$11:$H$346)-1)+$C5)=(YEAR($A37)*12+MONTH($A37)-1))*((($C4="(Все)")+('Парк (SAP)'!$B$11:$B$346=$C4)>0))*((($G4="(Все)")+('Парк (SAP)'!$C$11:$C$346=$G4)>0))) -> 5 | E37: =SUMPRODUCT(((YEAR('Парк (SAP)'!$H$11:$H$346)*12+MONTH('Парк (SAP)'!$H$11:$H$346)-1)<=(YEAR($A37)*12+MONTH($A37)-1))*((($C4="(Все)")+('Парк (SAP)'!$B$11:$B$346=$C4)>0))*((($G4="(Все)")+('Парк (SAP)'!$C$11:$C$346=$G4)>0))) -> 202 | F37: =SUMPRODUCT((((YEAR('Парк (SAP)'!$H$11:$H$346)*12+MONTH('Парк (SAP)'!$H$11:$H$346)-1)+$C5)<=(YEAR($A37)*12+MONTH($A37)-1))*((($C4="(Все)")+('Парк (SAP)'!$B$11:$B$346=$C4)>0))*((($G4="(Все)")+('Парк (SAP)'!$C$11:$C$346=$G4)>0))) -> 45
A38: 46204 | B38: =SUMPRODUCT(((YEAR('Парк (SAP)'!$H$11:$H$346)*12+MONTH('Парк (SAP)'!$H$11:$H$346)-1)=(YEAR($A38)*12+MONTH($A38)-1))*((($C4="(Все)")+('Парк (SAP)'!$B$11:$B$346=$C4)>0))*((($G4="(Все)")+('Парк (SAP)'!$C$11:$C$346=$G4)>0))) -> 2 | C38: =E38-F37 -> 159 | D38: =SUMPRODUCT((((YEAR('Парк (SAP)'!$H$11:$H$346)*12+MONTH('Парк (SAP)'!$H$11:$H$346)-1)+$C5)=(YEAR($A38)*12+MONTH($A38)-1))*((($C4="(Все)")+('Парк (SAP)'!$B$11:$B$346=$C4)>0))*((($G4="(Все)")+('Парк (SAP)'!$C$11:$C$346=$G4)>0))) -> 9 | E38: =SUMPRODUCT(((YEAR('Парк (SAP)'!$H$11:$H$346)*12+MONTH('Парк (SAP)'!$H$11:$H$346)-1)<=(YEAR($A38)*12+MONTH($A38)-1))*((($C4="(Все)")+('Парк (SAP)'!$B$11:$B$346=$C4)>0))*((($G4="(Все)")+('Парк (SAP)'!$C$11:$C$346=$G4)>0))) -> 204 | F38: =SUMPRODUCT((((YEAR('Парк (SAP)'!$H$11:$H$346)*12+MONTH('Парк (SAP)'!$H$11:$H$346)-1)+$C5)<=(YEAR($A38)*12+MONTH($A38)-1))*((($C4="(Все)")+('Парк (SAP)'!$B$11:$B$346=$C4)>0))*((($G4="(Все)")+('Парк (SAP)'!$C$11:$C$346=$G4)>0))) -> 54
A39: 46235 | B39: =SUMPRODUCT(((YEAR('Парк (SAP)'!$H$11:$H$346)*12+MONTH('Парк (SAP)'!$H$11:$H$346)-1)=(YEAR($A39)*12+MONTH($A39)-1))*((($C4="(Все)")+('Парк (SAP)'!$B$11:$B$346=$C4)>0))*((($G4="(Все)")+('Парк (SAP)'!$C$11:$C$346=$G4)>0))) -> 0 | C39: =E39-F38 -> 150 | D39: =SUMPRODUCT((((YEAR('Парк (SAP)'!$H$11:$H$346)*12+MONTH('Парк (SAP)'!$H$11:$H$346)-1)+$C5)=(YEAR($A39)*12+MONTH($A39)-1))*((($C4="(Все)")+('Парк (SAP)'!$B$11:$B$346=$C4)>0))*((($G4="(Все)")+('Парк (SAP)'!$C$11:$C$346=$G4)>0))) -> 2 | E39: =SUMPRODUCT(((YEAR('Парк (SAP)'!$H$11:$H$346)*12+MONTH('Парк (SAP)'!$H$11:$H$346)-1)<=(YEAR($A39)*12+MONTH($A39)-1))*((($C4="(Все)")+('Парк (SAP)'!$B$11:$B$346=$C4)>0))*((($G4="(Все)")+('Парк (SAP)'!$C$11:$C$346=$G4)>0))) -> 204 | F39: =SUMPRODUCT((((YEAR('Парк (SAP)'!$H$11:$H$346)*12+MONTH('Парк (SAP)'!$H$11:$H$346)-1)+$C5)<=(YEAR($A39)*12+MONTH($A39)-1))*((($C4="(Все)")+('Парк (SAP)'!$B$11:$B$346=$C4)>0))*((($G4="(Все)")+('Парк (SAP)'!$C$11:$C$346=$G4)>0))) -> 56
A40: 46266 | B40: =SUMPRODUCT(((YEAR('Парк (SAP)'!$H$11:$H$346)*12+MONTH('Парк (SAP)'!$H$11:$H$346)-1)=(YEAR($A40)*12+MONTH($A40)-1))*((($C4="(Все)")+('Парк (SAP)'!$B$11:$B$346=$C4)>0))*((($G4="(Все)")+('Парк (SAP)'!$C$11:$C$346=$G4)>0))) -> 5 | C40: =E40-F39 -> 153 | D40: =SUMPRODUCT((((YEAR('Парк (SAP)'!$H$11:$H$346)*12+MONTH('Парк (SAP)'!$H$11:$H$346)-1)+$C5)=(YEAR($A40)*12+MONTH($A40)-1))*((($C4="(Все)")+('Парк (SAP)'!$B$11:$B$346=$C4)>0))*((($G4="(Все)")+('Парк (SAP)'!$C$11:$C$346=$G4)>0))) -> 4 | E40: =SUMPRODUCT(((YEAR('Парк (SAP)'!$H$11:$H$346)*12+MONTH('Парк (SAP)'!$H$11:$H$346)-1)<=(YEAR($A40)*12+MONTH($A40)-1))*((($C4="(Все)")+('Парк (SAP)'!$B$11:$B$346=$C4)>0))*((($G4="(Все)")+('Парк (SAP)'!$C$11:$C$346=$G4)>0))) -> 209 | F40: =SUMPRODUCT((((YEAR('Парк (SAP)'!$H$11:$H$346)*12+MONTH('Парк (SAP)'!$H$11:$H$346)-1)+$C5)<=(YEAR($A40)*12+MONTH($A40)-1))*((($C4="(Все)")+('Парк (SAP)'!$B$11:$B$346=$C4)>0))*((($G4="(Все)")+('Парк (SAP)'!$C$11:$C$346=$G4)>0))) -> 60
A41: 46296 | B41: =SUMPRODUCT(((YEAR('Парк (SAP)'!$H$11:$H$346)*12+MONTH('Парк (SAP)'!$H$11:$H$346)-1)=(YEAR($A41)*12+MONTH($A41)-1))*((($C4="(Все)")+('Парк (SAP)'!$B$11:$B$346=$C4)>0))*((($G4="(Все)")+('Парк (SAP)'!$C$11:$C$346=$G4)>0))) -> 9 | C41: =E41-F40 -> 158 | D41: =SUMPRODUCT((((YEAR('Парк (SAP)'!$H$11:$H$346)*12+MONTH('Парк (SAP)'!$H$11:$H$346)-1)+$C5)=(YEAR($A41)*12+MONTH($A41)-1))*((($C4="(Все)")+('Парк (SAP)'!$B$11:$B$346=$C4)>0))*((($G4="(Все)")+('Парк (SAP)'!$C$11:$C$346=$G4)>0))) -> 2 | E41: =SUMPRODUCT(((YEAR('Парк (SAP)'!$H$11:$H$346)*12+MONTH('Парк (SAP)'!$H$11:$H$346)-1)<=(YEAR($A41)*12+MONTH($A41)-1))*((($C4="(Все)")+('Парк (SAP)'!$B$11:$B$346=$C4)>0))*((($G4="(Все)")+('Парк (SAP)'!$C$11:$C$346=$G4)>0))) -> 218 | F41: =SUMPRODUCT((((YEAR('Парк (SAP)'!$H$11:$H$346)*12+MONTH('Парк (SAP)'!$H$11:$H$346)-1)+$C5)<=(YEAR($A41)*12+MONTH($A41)-1))*((($C4="(Все)")+('Парк (SAP)'!$B$11:$B$346=$C4)>0))*((($G4="(Все)")+('Парк (SAP)'!$C$11:$C$346=$G4)>0))) -> 62
A42: 46327 | B42: =SUMPRODUCT(((YEAR('Парк (SAP)'!$H$11:$H$346)*12+MONTH('Парк (SAP)'!$H$11:$H$346)-1)=(YEAR($A42)*12+MONTH($A42)-1))*((($C4="(Все)")+('Парк (SAP)'!$B$11:$B$346=$C4)>0))*((($G4="(Все)")+('Парк (SAP)'!$C$11:$C$346=$G4)>0))) -> 13 | C42: =E42-F41 -> 169 | D42: =SUMPRODUCT((((YEAR('Парк (SAP)'!$H$11:$H$346)*12+MONTH('Парк (SAP)'!$H$11:$H$346)-1)+$C5)=(YEAR($A42)*12+MONTH($A42)-1))*((($C4="(Все)")+('Парк (SAP)'!$B$11:$B$346=$C4)>0))*((($G4="(Все)")+('Парк (SAP)'!$C$11:$C$346=$G4)>0))) -> 0 | E42: =SUMPRODUCT(((YEAR('Парк (SAP)'!$H$11:$H$346)*12+MONTH('Парк (SAP)'!$H$11:$H$346)-1)<=(YEAR($A42)*12+MONTH($A42)-1))*((($C4="(Все)")+('Парк (SAP)'!$B$11:$B$346=$C4)>0))*((($G4="(Все)")+('Парк (SAP)'!$C$11:$C$346=$G4)>0))) -> 231 | F42: =SUMPRODUCT((((YEAR('Парк (SAP)'!$H$11:$H$346)*12+MONTH('Парк (SAP)'!$H$11:$H$346)-1)+$C5)<=(YEAR($A42)*12+MONTH($A42)-1))*((($C4="(Все)")+('Парк (SAP)'!$B$11:$B$346=$C4)>0))*((($G4="(Все)")+('Парк (SAP)'!$C$11:$C$346=$G4)>0))) -> 62
A43: 46357 | B43: =SUMPRODUCT(((YEAR('Парк (SAP)'!$H$11:$H$346)*12+MONTH('Парк (SAP)'!$H$11:$H$346)-1)=(YEAR($A43)*12+MONTH($A43)-1))*((($C4="(Все)")+('Парк (SAP)'!$B$11:$B$346=$C4)>0))*((($G4="(Все)")+('Парк (SAP)'!$C$11:$C$346=$G4)>0))) -> 6 | C43: =E43-F42 -> 175 | D43: =SUMPRODUCT((((YEAR('Парк (SAP)'!$H$11:$H$346)*12+MONTH('Парк (SAP)'!$H$11:$H$346)-1)+$C5)=(YEAR($A43)*12+MONTH($A43)-1))*((($C4="(Все)")+('Парк (SAP)'!$B$11:$B$346=$C4)>0))*((($G4="(Все)")+('Парк (SAP)'!$C$11:$C$346=$G4)>0))) -> 6 | E43: =SUMPRODUCT(((YEAR('Парк (SAP)'!$H$11:$H$346)*12+MONTH('Парк (SAP)'!$H$11:$H$346)-1)<=(YEAR($A43)*12+MONTH($A43)-1))*((($C4="(Все)")+('Парк (SAP)'!$B$11:$B$346=$C4)>0))*((($G4="(Все)")+('Парк (SAP)'!$C$11:$C$346=$G4)>0))) -> 237 | F43: =SUMPRODUCT((((YEAR('Парк (SAP)'!$H$11:$H$346)*12+MONTH('Парк (SAP)'!$H$11:$H$346)-1)+$C5)<=(YEAR($A43)*12+MONTH($A43)-1))*((($C4="(Все)")+('Парк (SAP)'!$B$11:$B$346=$C4)>0))*((($G4="(Все)")+('Парк (SAP)'!$C$11:$C$346=$G4)>0))) -> 68
A44: 46388 | B44: =SUMPRODUCT(((YEAR('Парк (SAP)'!$H$11:$H$346)*12+MONTH('Парк (SAP)'!$H$11:$H$346)-1)=(YEAR($A44)*12+MONTH($A44)-1))*((($C4="(Все)")+('Парк (SAP)'!$B$11:$B$346=$C4)>0))*((($G4="(Все)")+('Парк (SAP)'!$C$11:$C$346=$G4)>0))) -> 8 | C44: =E44-F43 -> 177 | D44: =SUMPRODUCT((((YEAR('Парк (SAP)'!$H$11:$H$346)*12+MONTH('Парк (SAP)'!$H$11:$H$346)-1)+$C5)=(YEAR($A44)*12+MONTH($A44)-1))*((($C4="(Все)")+('Парк (SAP)'!$B$11:$B$346=$C4)>0))*((($G4="(Все)")+('Парк (SAP)'!$C$11:$C$346=$G4)>0))) -> 10 | E44: =SUMPRODUCT(((YEAR('Парк (SAP)'!$H$11:$H$346)*12+MONTH('Парк (SAP)'!$H$11:$H$346)-1)<=(YEAR($A44)*12+MONTH($A44)-1))*((($C4="(Все)")+('Парк (SAP)'!$B$11:$B$346=$C4)>0))*((($G4="(Все)")+('Парк (SAP)'!$C$11:$C$346=$G4)>0))) -> 245 | F44: =SUMPRODUCT((((YEAR('Парк (SAP)'!$H$11:$H$346)*12+MONTH('Парк (SAP)'!$H$11:$H$346)-1)+$C5)<=(YEAR($A44)*12+MONTH($A44)-1))*((($C4="(Все)")+('Парк (SAP)'!$B$11:$B$346=$C4)>0))*((($G4="(Все)")+('Парк (SAP)'!$C$11:$C$346=$G4)>0))) -> 78
A45: 46419 | B45: =SUMPRODUCT(((YEAR('Парк (SAP)'!$H$11:$H$346)*12+MONTH('Парк (SAP)'!$H$11:$H$346)-1)=(YEAR($A45)*12+MONTH($A45)-1))*((($C4="(Все)")+('Парк (SAP)'!$B$11:$B$346=$C4)>0))*((($G4="(Все)")+('Парк (SAP)'!$C$11:$C$346=$G4)>0))) -> 7 | C45: =E45-F44 -> 174 | D45: =SUMPRODUCT((((YEAR('Парк (SAP)'!$H$11:$H$346)*12+MONTH('Парк (SAP)'!$H$11:$H$346)-1)+$C5)=(YEAR($A45)*12+MONTH($A45)-1))*((($C4="(Все)")+('Парк (SAP)'!$B$11:$B$346=$C4)>0))*((($G4="(Все)")+('Парк (SAP)'!$C$11:$C$346=$G4)>0))) -> 9 | E45: =SUMPRODUCT(((YEAR('Парк (SAP)'!$H$11:$H$346)*12+MONTH('Парк (SAP)'!$H$11:$H$346)-1)<=(YEAR($A45)*12+MONTH($A45)-1))*((($C4="(Все)")+('Парк (SAP)'!$B$11:$B$346=$C4)>0))*((($G4="(Все)")+('Парк (SAP)'!$C$11:$C$346=$G4)>0))) -> 252 | F45: =SUMPRODUCT((((YEAR('Парк (SAP)'!$H$11:$H$346)*12+MONTH('Парк (SAP)'!$H$11:$H$346)-1)+$C5)<=(YEAR($A45)*12+MONTH($A45)-1))*((($C4="(Все)")+('Парк (SAP)'!$B$11:$B$346=$C4)>0))*((($G4="(Все)")+('Парк (SAP)'!$C$11:$C$346=$G4)>0))) -> 87
A46: 46447 | B46: =SUMPRODUCT(((YEAR('Парк (SAP)'!$H$11:$H$346)*12+MONTH('Парк (SAP)'!$H$11:$H$346)-1)=(YEAR($A46)*12+MONTH($A46)-1))*((($C4="(Все)")+('Парк (SAP)'!$B$11:$B$346=$C4)>0))*((($G4="(Все)")+('Парк (SAP)'!$C$11:$C$346=$G4)>0))) -> 0 | C46: =E46-F45 -> 165 | D46: =SUMPRODUCT((((YEAR('Парк (SAP)'!$H$11:$H$346)*12+MONTH('Парк (SAP)'!$H$11:$H$346)-1)+$C5)=(YEAR($A46)*12+MONTH($A46)-1))*((($C4="(Все)")+('Парк (SAP)'!$B$11:$B$346=$C4)>0))*((($G4="(Все)")+('Парк (SAP)'!$C$11:$C$346=$G4)>0))) -> 13 | E46: =SUMPRODUCT(((YEAR('Парк (SAP)'!$H$11:$H$346)*12+MONTH('Парк (SAP)'!$H$11:$H$346)-1)<=(YEAR($A46)*12+MONTH($A46)-1))*((($C4="(Все)")+('Парк (SAP)'!$B$11:$B$346=$C4)>0))*((($G4="(Все)")+('Парк (SAP)'!$C$11:$C$346=$G4)>0))) -> 252 | F46: =SUMPRODUCT((((YEAR('Парк (SAP)'!$H$11:$H$346)*12+MONTH('Парк (SAP)'!$H$11:$H$346)-1)+$C5)<=(YEAR($A46)*12+MONTH($A46)-1))*((($C4="(Все)")+('Парк (SAP)'!$B$11:$B$346=$C4)>0))*((($G4="(Все)")+('Парк (SAP)'!$C$11:$C$346=$G4)>0))) -> 100
A47: 46478 | B47: =SUMPRODUCT(((YEAR('Парк (SAP)'!$H$11:$H$346)*12+MONTH('Парк (SAP)'!$H$11:$H$346)-1)=(YEAR($A47)*12+MONTH($A47)-1))*((($C4="(Все)")+('Парк (SAP)'!$B$11:$B$346=$C4)>0))*((($G4="(Все)")+('Парк (SAP)'!$C$11:$C$346=$G4)>0))) -> 8 | C47: =E47-F46 -> 160 | D47: =SUMPRODUCT((((YEAR('Парк (SAP)'!$H$11:$H$346)*12+MONTH('Парк (SAP)'!$H$11:$H$346)-1)+$C5)=(YEAR($A47)*12+MONTH($A47)-1))*((($C4="(Все)")+('Парк (SAP)'!$B$11:$B$346=$C4)>0))*((($G4="(Все)")+('Парк (SAP)'!$C$11:$C$346=$G4)>0))) -> 7 | E47: =SUMPRODUCT(((YEAR('Парк (SAP)'!$H$11:$H$346)*12+MONTH('Парк (SAP)'!$H$11:$H$346)-1)<=(YEAR($A47)*12+MONTH($A47)-1))*((($C4="(Все)")+('Парк (SAP)'!$B$11:$B$346=$C4)>0))*((($G4="(Все)")+('Парк (SAP)'!$C$11:$C$346=$G4)>0))) -> 260 | F47: =SUMPRODUCT((((YEAR('Парк (SAP)'!$H$11:$H$346)*12+MONTH('Парк (SAP)'!$H$11:$H$346)-1)+$C5)<=(YEAR($A47)*12+MONTH($A47)-1))*((($C4="(Все)")+('Парк (SAP)'!$B$11:$B$346=$C4)>0))*((($G4="(Все)")+('Парк (SAP)'!$C$11:$C$346=$G4)>0))) -> 107
A48: 46508 | B48: =SUMPRODUCT(((YEAR('Парк (SAP)'!$H$11:$H$346)*12+MONTH('Парк (SAP)'!$H$11:$H$346)-1)=(YEAR($A48)*12+MONTH($A48)-1))*((($C4="(Все)")+('Парк (SAP)'!$B$11:$B$346=$C4)>0))*((($G4="(Все)")+('Парк (SAP)'!$C$11:$C$346=$G4)>0))) -> 7 | C48: =E48-F47 -> 160 | D48: =SUMPRODUCT((((YEAR('Парк (SAP)'!$H$11:$H$346)*12+MONTH('Парк (SAP)'!$H$11:$H$346)-1)+$C5)=(YEAR($A48)*12+MONTH($A48)-1))*((($C4="(Все)")+('Парк (SAP)'!$B$11:$B$346=$C4)>0))*((($G4="(Все)")+('Парк (SAP)'!$C$11:$C$346=$G4)>0))) -> 4 | E48: =SUMPRODUCT(((YEAR('Парк (SAP)'!$H$11:$H$346)*12+MONTH('Парк (SAP)'!$H$11:$H$346)-1)<=(YEAR($A48)*12+MONTH($A48)-1))*((($C4="(Все)")+('Парк (SAP)'!$B$11:$B$346=$C4)>0))*((($G4="(Все)")+('Парк (SAP)'!$C$11:$C$346=$G4)>0))) -> 267 | F48: =SUMPRODUCT((((YEAR('Парк (SAP)'!$H$11:$H$346)*12+MONTH('Парк (SAP)'!$H$11:$H$346)-1)+$C5)<=(YEAR($A48)*12+MONTH($A48)-1))*((($C4="(Все)")+('Парк (SAP)'!$B$11:$B$346=$C4)>0))*((($G4="(Все)")+('Парк (SAP)'!$C$11:$C$346=$G4)>0))) -> 111
A49: 46539 | B49: =SUMPRODUCT(((YEAR('Парк (SAP)'!$H$11:$H$346)*12+MONTH('Парк (SAP)'!$H$11:$H$346)-1)=(YEAR($A49)*12+MONTH($A49)-1))*((($C4="(Все)")+('Парк (SAP)'!$B$11:$B$346=$C4)>0))*((($G4="(Все)")+('Парк (SAP)'!$C$11:$C$346=$G4)>0))) -> 4 | C49: =E49-F48 -> 160 | D49: =SUMPRODUCT((((YEAR('Парк (SAP)'!$H$11:$H$346)*12+MONTH('Парк (SAP)'!$H$11:$H$346)-1)+$C5)=(YEAR($A49)*12+MONTH($A49)-1))*((($C4="(Все)")+('Парк (SAP)'!$B$11:$B$346=$C4)>0))*((($G4="(Все)")+('Парк (SAP)'!$C$11:$C$346=$G4)>0))) -> 4 | E49: =SUMPRODUCT(((YEAR('Парк (SAP)'!$H$11:$H$346)*12+MONTH('Парк (SAP)'!$H$11:$H$346)-1)<=(YEAR($A49)*12+MONTH($A49)-1))*((($C4="(Все)")+('Парк (SAP)'!$B$11:$B$346=$C4)>0))*((($G4="(Все)")+('Парк (SAP)'!$C$11:$C$346=$G4)>0))) -> 271 | F49: =SUMPRODUCT((((YEAR('Парк (SAP)'!$H$11:$H$346)*12+MONTH('Парк (SAP)'!$H$11:$H$346)-1)+$C5)<=(YEAR($A49)*12+MONTH($A49)-1))*((($C4="(Все)")+('Парк (SAP)'!$B$11:$B$346=$C4)>0))*((($G4="(Все)")+('Парк (SAP)'!$C$11:$C$346=$G4)>0))) -> 115
A50: 46569 | B50: =SUMPRODUCT(((YEAR('Парк (SAP)'!$H$11:$H$346)*12+MONTH('Парк (SAP)'!$H$11:$H$346)-1)=(YEAR($A50)*12+MONTH($A50)-1))*((($C4="(Все)")+('Парк (SAP)'!$B$11:$B$346=$C4)>0))*((($G4="(Все)")+('Парк (SAP)'!$C$11:$C$346=$G4)>0))) -> 3 | C50: =E50-F49 -> 159 | D50: =SUMPRODUCT((((YEAR('Парк (SAP)'!$H$11:$H$346)*12+MONTH('Парк (SAP)'!$H$11:$H$346)-1)+$C5)=(YEAR($A50)*12+MONTH($A50)-1))*((($C4="(Все)")+('Парк (SAP)'!$B$11:$B$346=$C4)>0))*((($G4="(Все)")+('Парк (SAP)'!$C$11:$C$346=$G4)>0))) -> 7 | E50: =SUMPRODUCT(((YEAR('Парк (SAP)'!$H$11:$H$346)*12+MONTH('Парк (SAP)'!$H$11:$H$346)-1)<=(YEAR($A50)*12+MONTH($A50)-1))*((($C4="(Все)")+('Парк (SAP)'!$B$11:$B$346=$C4)>0))*((($G4="(Все)")+('Парк (SAP)'!$C$11:$C$346=$G4)>0))) -> 274 | F50: =SUMPRODUCT((((YEAR('Парк (SAP)'!$H$11:$H$346)*12+MONTH('Парк (SAP)'!$H$11:$H$346)-1)+$C5)<=(YEAR($A50)*12+MONTH($A50)-1))*((($C4="(Все)")+('Парк (SAP)'!$B$11:$B$346=$C4)>0))*((($G4="(Все)")+('Парк (SAP)'!$C$11:$C$346=$G4)>0))) -> 122
A51: 46600 | B51: =SUMPRODUCT(((YEAR('Парк (SAP)'!$H$11:$H$346)*12+MONTH('Парк (SAP)'!$H$11:$H$346)-1)=(YEAR($A51)*12+MONTH($A51)-1))*((($C4="(Все)")+('Парк (SAP)'!$B$11:$B$346=$C4)>0))*((($G4="(Все)")+('Парк (SAP)'!$C$11:$C$346=$G4)>0))) -> 5 | C51: =E51-F50 -> 157 | D51: =SUMPRODUCT((((YEAR('Парк (SAP)'!$H$11:$H$346)*12+MONTH('Парк (SAP)'!$H$11:$H$346)-1)+$C5)=(YEAR($A51)*12+MONTH($A51)-1))*((($C4="(Все)")+('Парк (SAP)'!$B$11:$B$346=$C4)>0))*((($G4="(Все)")+('Парк (SAP)'!$C$11:$C$346=$G4)>0))) -> 5 | E51: =SUMPRODUCT(((YEAR('Парк (SAP)'!$H$11:$H$346)*12+MONTH('Парк (SAP)'!$H$11:$H$346)-1)<=(YEAR($A51)*12+MONTH($A51)-1))*((($C4="(Все)")+('Парк (SAP)'!$B$11:$B$346=$C4)>0))*((($G4="(Все)")+('Парк (SAP)'!$C$11:$C$346=$G4)>0))) -> 279 | F51: =SUMPRODUCT((((YEAR('Парк (SAP)'!$H$11:$H$346)*12+MONTH('Парк (SAP)'!$H$11:$H$346)-1)+$C5)<=(YEAR($A51)*12+MONTH($A51)-1))*((($C4="(Все)")+('Парк (SAP)'!$B$11:$B$346=$C4)>0))*((($G4="(Все)")+('Парк (SAP)'!$C$11:$C$346=$G4)>0))) -> 127
A52: 46631 | B52: =SUMPRODUCT(((YEAR('Парк (SAP)'!$H$11:$H$346)*12+MONTH('Парк (SAP)'!$H$11:$H$346)-1)=(YEAR($A52)*12+MONTH($A52)-1))*((($C4="(Все)")+('Парк (SAP)'!$B$11:$B$346=$C4)>0))*((($G4="(Все)")+('Парк (SAP)'!$C$11:$C$346=$G4)>0))) -> 4 | C52: =E52-F51 -> 156 | D52: =SUMPRODUCT((((YEAR('Парк (SAP)'!$H$11:$H$346)*12+MONTH('Парк (SAP)'!$H$11:$H$346)-1)+$C5)=(YEAR($A52)*12+MONTH($A52)-1))*((($C4="(Все)")+('Парк (SAP)'!$B$11:$B$346=$C4)>0))*((($G4="(Все)")+('Парк (SAP)'!$C$11:$C$346=$G4)>0))) -> 9 | E52: =SUMPRODUCT(((YEAR('Парк (SAP)'!$H$11:$H$346)*12+MONTH('Парк (SAP)'!$H$11:$H$346)-1)<=(YEAR($A52)*12+MONTH($A52)-1))*((($C4="(Все)")+('Парк (SAP)'!$B$11:$B$346=$C4)>0))*((($G4="(Все)")+('Парк (SAP)'!$C$11:$C$346=$G4)>0))) -> 283 | F52: =SUMPRODUCT((((YEAR('Парк (SAP)'!$H$11:$H$346)*12+MONTH('Парк (SAP)'!$H$11:$H$346)-1)+$C5)<=(YEAR($A52)*12+MONTH($A52)-1))*((($C4="(Все)")+('Парк (SAP)'!$B$11:$B$346=$C4)>0))*((($G4="(Все)")+('Парк (SAP)'!$C$11:$C$346=$G4)>0))) -> 136
A53: 46661 | B53: =SUMPRODUCT(((YEAR('Парк (SAP)'!$H$11:$H$346)*12+MONTH('Парк (SAP)'!$H$11:$H$346)-1)=(YEAR($A53)*12+MONTH($A53)-1))*((($C4="(Все)")+('Парк (SAP)'!$B$11:$B$346=$C4)>0))*((($G4="(Все)")+('Парк (SAP)'!$C$11:$C$346=$G4)>0))) -> 4 | C53: =E53-F52 -> 151 | D53: =SUMPRODUCT((((YEAR('Парк (SAP)'!$H$11:$H$346)*12+MONTH('Парк (SAP)'!$H$11:$H$346)-1)+$C5)=(YEAR($A53)*12+MONTH($A53)-1))*((($C4="(Все)")+('Парк (SAP)'!$B$11:$B$346=$C4)>0))*((($G4="(Все)")+('Парк (SAP)'!$C$11:$C$346=$G4)>0))) -> 8 | E53: =SUMPRODUCT(((YEAR('Парк (SAP)'!$H$11:$H$346)*12+MONTH('Парк (SAP)'!$H$11:$H$346)-1)<=(YEAR($A53)*12+MONTH($A53)-1))*((($C4="(Все)")+('Парк (SAP)'!$B$11:$B$346=$C4)>0))*((($G4="(Все)")+('Парк (SAP)'!$C$11:$C$346=$G4)>0))) -> 287 | F53: =SUMPRODUCT((((YEAR('Парк (SAP)'!$H$11:$H$346)*12+MONTH('Парк (SAP)'!$H$11:$H$346)-1)+$C5)<=(YEAR($A53)*12+MONTH($A53)-1))*((($C4="(Все)")+('Парк (SAP)'!$B$11:$B$346=$C4)>0))*((($G4="(Все)")+('Парк (SAP)'!$C$11:$C$346=$G4)>0))) -> 144
A54: 46692 | B54: =SUMPRODUCT(((YEAR('Парк (SAP)'!$H$11:$H$346)*12+MONTH('Парк (SAP)'!$H$11:$H$346)-1)=(YEAR($A54)*12+MONTH($A54)-1))*((($C4="(Все)")+('Парк (SAP)'!$B$11:$B$346=$C4)>0))*((($G4="(Все)")+('Парк (SAP)'!$C$11:$C$346=$G4)>0))) -> 4 | C54: =E54-F53 -> 147 | D54: =SUMPRODUCT((((YEAR('Парк (SAP)'!$H$11:$H$346)*12+MONTH('Парк (SAP)'!$H$11:$H$346)-1)+$C5)=(YEAR($A54)*12+MONTH($A54)-1))*((($C4="(Все)")+('Парк (SAP)'!$B$11:$B$346=$C4)>0))*((($G4="(Все)")+('Парк (SAP)'!$C$11:$C$346=$G4)>0))) -> 1 | E54: =SUMPRODUCT(((YEAR('Парк (SAP)'!$H$11:$H$346)*12+MONTH('Парк (SAP)'!$H$11:$H$346)-1)<=(YEAR($A54)*12+MONTH($A54)-1))*((($C4="(Все)")+('Парк (SAP)'!$B$11:$B$346=$C4)>0))*((($G4="(Все)")+('Парк (SAP)'!$C$11:$C$346=$G4)>0))) -> 291 | F54: =SUMPRODUCT((((YEAR('Парк (SAP)'!$H$11:$H$346)*12+MONTH('Парк (SAP)'!$H$11:$H$346)-1)+$C5)<=(YEAR($A54)*12+MONTH($A54)-1))*((($C4="(Все)")+('Парк (SAP)'!$B$11:$B$346=$C4)>0))*((($G4="(Все)")+('Парк (SAP)'!$C$11:$C$346=$G4)>0))) -> 145
A55: 46722 | B55: =SUMPRODUCT(((YEAR('Парк (SAP)'!$H$11:$H$346)*12+MONTH('Парк (SAP)'!$H$11:$H$346)-1)=(YEAR($A55)*12+MONTH($A55)-1))*((($C4="(Все)")+('Парк (SAP)'!$B$11:$B$346=$C4)>0))*((($G4="(Все)")+('Парк (SAP)'!$C$11:$C$346=$G4)>0))) -> 4 | C55: =E55-F54 -> 150 | D55: =SUMPRODUCT((((YEAR('Парк (SAP)'!$H$11:$H$346)*12+MONTH('Парк (SAP)'!$H$11:$H$346)-1)+$C5)=(YEAR($A55)*12+MONTH($A55)-1))*((($C4="(Все)")+('Парк (SAP)'!$B$11:$B$346=$C4)>0))*((($G4="(Все)")+('Парк (SAP)'!$C$11:$C$346=$G4)>0))) -> 7 | E55: =SUMPRODUCT(((YEAR('Парк (SAP)'!$H$11:$H$346)*12+MONTH('Парк (SAP)'!$H$11:$H$346)-1)<=(YEAR($A55)*12+MONTH($A55)-1))*((($C4="(Все)")+('Парк (SAP)'!$B$11:$B$346=$C4)>0))*((($G4="(Все)")+('Парк (SAP)'!$C$11:$C$346=$G4)>0))) -> 295 | F55: =SUMPRODUCT((((YEAR('Парк (SAP)'!$H$11:$H$346)*12+MONTH('Парк (SAP)'!$H$11:$H$346)-1)+$C5)<=(YEAR($A55)*12+MONTH($A55)-1))*((($C4="(Все)")+('Парк (SAP)'!$B$11:$B$346=$C4)>0))*((($G4="(Все)")+('Парк (SAP)'!$C$11:$C$346=$G4)>0))) -> 152
A56: 46753 | B56: =SUMPRODUCT(((YEAR('Парк (SAP)'!$H$11:$H$346)*12+MONTH('Парк (SAP)'!$H$11:$H$346)-1)=(YEAR($A56)*12+MONTH($A56)-1))*((($C4="(Все)")+('Парк (SAP)'!$B$11:$B$346=$C4)>0))*((($G4="(Все)")+('Парк (SAP)'!$C$11:$C$346=$G4)>0))) -> 3 | C56: =E56-F55 -> 146 | D56: =SUMPRODUCT((((YEAR('Парк (SAP)'!$H$11:$H$346)*12+MONTH('Парк (SAP)'!$H$11:$H$346)-1)+$C5)=(YEAR($A56)*12+MONTH($A56)-1))*((($C4="(Все)")+('Парк (SAP)'!$B$11:$B$346=$C4)>0))*((($G4="(Все)")+('Парк (SAP)'!$C$11:$C$346=$G4)>0))) -> 6 | E56: =SUMPRODUCT(((YEAR('Парк (SAP)'!$H$11:$H$346)*12+MONTH('Парк (SAP)'!$H$11:$H$346)-1)<=(YEAR($A56)*12+MONTH($A56)-1))*((($C4="(Все)")+('Парк (SAP)'!$B$11:$B$346=$C4)>0))*((($G4="(Все)")+('Парк (SAP)'!$C$11:$C$346=$G4)>0))) -> 298 | F56: =SUMPRODUCT((((YEAR('Парк (SAP)'!$H$11:$H$346)*12+MONTH('Парк (SAP)'!$H$11:$H$346)-1)+$C5)<=(YEAR($A56)*12+MONTH($A56)-1))*((($C4="(Все)")+('Парк (SAP)'!$B$11:$B$346=$C4)>0))*((($G4="(Все)")+('Парк (SAP)'!$C$11:$C$346=$G4)>0))) -> 158
A57: 46784 | B57: =SUMPRODUCT(((YEAR('Парк (SAP)'!$H$11:$H$346)*12+MONTH('Парк (SAP)'!$H$11:$H$346)-1)=(YEAR($A57)*12+MONTH($A57)-1))*((($C4="(Все)")+('Парк (SAP)'!$B$11:$B$346=$C4)>0))*((($G4="(Все)")+('Парк (SAP)'!$C$11:$C$346=$G4)>0))) -> 3 | C57: =E57-F56 -> 143 | D57: =SUMPRODUCT((((YEAR('Парк (SAP)'!$H$11:$H$346)*12+MONTH('Парк (SAP)'!$H$11:$H$346)-1)+$C5)=(YEAR($A57)*12+MONTH($A57)-1))*((($C4="(Все)")+('Парк (SAP)'!$B$11:$B$346=$C4)>0))*((($G4="(Все)")+('Парк (SAP)'!$C$11:$C$346=$G4)>0))) -> 11 | E57: =SUMPRODUCT(((YEAR('Парк (SAP)'!$H$11:$H$346)*12+MONTH('Парк (SAP)'!$H$11:$H$346)-1)<=(YEAR($A57)*12+MONTH($A57)-1))*((($C4="(Все)")+('Парк (SAP)'!$B$11:$B$346=$C4)>0))*((($G4="(Все)")+('Парк (SAP)'!$C$11:$C$346=$G4)>0))) -> 301 | F57: =SUMPRODUCT((((YEAR('Парк (SAP)'!$H$11:$H$346)*12+MONTH('Парк (SAP)'!$H$11:$H$346)-1)+$C5)<=(YEAR($A57)*12+MONTH($A57)-1))*((($C4="(Все)")+('Парк (SAP)'!$B$11:$B$346=$C4)>0))*((($G4="(Все)")+('Парк (SAP)'!$C$11:$C$346=$G4)>0))) -> 169
A58: 46813 | B58: =SUMPRODUCT(((YEAR('Парк (SAP)'!$H$11:$H$346)*12+MONTH('Парк (SAP)'!$H$11:$H$346)-1)=(YEAR($A58)*12+MONTH($A58)-1))*((($C4="(Все)")+('Парк (SAP)'!$B$11:$B$346=$C4)>0))*((($G4="(Все)")+('Парк (SAP)'!$C$11:$C$346=$G4)>0))) -> 3 | C58: =E58-F57 -> 135 | D58: =SUMPRODUCT((((YEAR('Парк (SAP)'!$H$11:$H$346)*12+MONTH('Парк (SAP)'!$H$11:$H$346)-1)+$C5)=(YEAR($A58)*12+MONTH($A58)-1))*((($C4="(Все)")+('Парк (SAP)'!$B$11:$B$346=$C4)>0))*((($G4="(Все)")+('Парк (SAP)'!$C$11:$C$346=$G4)>0))) -> 13 | E58: =SUMPRODUCT(((YEAR('Парк (SAP)'!$H$11:$H$346)*12+MONTH('Парк (SAP)'!$H$11:$H$346)-1)<=(YEAR($A58)*12+MONTH($A58)-1))*((($C4="(Все)")+('Парк (SAP)'!$B$11:$B$346=$C4)>0))*((($G4="(Все)")+('Парк (SAP)'!$C$11:$C$346=$G4)>0))) -> 304 | F58: =SUMPRODUCT((((YEAR('Парк (SAP)'!$H$11:$H$346)*12+MONTH('Парк (SAP)'!$H$11:$H$346)-1)+$C5)<=(YEAR($A58)*12+MONTH($A58)-1))*((($C4="(Все)")+('Парк (SAP)'!$B$11:$B$346=$C4)>0))*((($G4="(Все)")+('Парк (SAP)'!$C$11:$C$346=$G4)>0))) -> 182
A59: 46844 | B59: =SUMPRODUCT(((YEAR('Парк (SAP)'!$H$11:$H$346)*12+MONTH('Парк (SAP)'!$H$11:$H$346)-1)=(YEAR($A59)*12+MONTH($A59)-1))*((($C4="(Все)")+('Парк (SAP)'!$B$11:$B$346=$C4)>0))*((($G4="(Все)")+('Парк (SAP)'!$C$11:$C$346=$G4)>0))) -> 4 | C59: =E59-F58 -> 126 | D59: =SUMPRODUCT((((YEAR('Парк (SAP)'!$H$11:$H$346)*12+MONTH('Парк (SAP)'!$H$11:$H$346)-1)+$C5)=(YEAR($A59)*12+MONTH($A59)-1))*((($C4="(Все)")+('Парк (SAP)'!$B$11:$B$346=$C4)>0))*((($G4="(Все)")+('Парк (SAP)'!$C$11:$C$346=$G4)>0))) -> 9 | E59: =SUMPRODUCT(((YEAR('Парк (SAP)'!$H$11:$H$346)*12+MONTH('Парк (SAP)'!$H$11:$H$346)-1)<=(YEAR($A59)*12+MONTH($A59)-1))*((($C4="(Все)")+('Парк (SAP)'!$B$11:$B$346=$C4)>0))*((($G4="(Все)")+('Парк (SAP)'!$C$11:$C$346=$G4)>0))) -> 308 | F59: =SUMPRODUCT((((YEAR('Парк (SAP)'!$H$11:$H$346)*12+MONTH('Парк (SAP)'!$H$11:$H$346)-1)+$C5)<=(YEAR($A59)*12+MONTH($A59)-1))*((($C4="(Все)")+('Парк (SAP)'!$B$11:$B$346=$C4)>0))*((($G4="(Все)")+('Парк (SAP)'!$C$11:$C$346=$G4)>0))) -> 191
A60: 46874 | B60: =SUMPRODUCT(((YEAR('Парк (SAP)'!$H$11:$H$346)*12+MONTH('Парк (SAP)'!$H$11:$H$346)-1)=(YEAR($A60)*12+MONTH($A60)-1))*((($C4="(Все)")+('Парк (SAP)'!$B$11:$B$346=$C4)>0))*((($G4="(Все)")+('Парк (SAP)'!$C$11:$C$346=$G4)>0))) -> 4 | C60: =E60-F59 -> 121 | D60: =SUMPRODUCT((((YEAR('Парк (SAP)'!$H$11:$H$346)*12+MONTH('Парк (SAP)'!$H$11:$H$346)-1)+$C5)=(YEAR($A60)*12+MONTH($A60)-1))*((($C4="(Все)")+('Парк (SAP)'!$B$11:$B$346=$C4)>0))*((($G4="(Все)")+('Парк (SAP)'!$C$11:$C$346=$G4)>0))) -> 5 | E60: =SUMPRODUCT(((YEAR('Парк (SAP)'!$H$11:$H$346)*12+MONTH('Парк (SAP)'!$H$11:$H$346)-1)<=(YEAR($A60)*12+MONTH($A60)-1))*((($C4="(Все)")+('Парк (SAP)'!$B$11:$B$346=$C4)>0))*((($G4="(Все)")+('Парк (SAP)'!$C$11:$C$346=$G4)>0))) -> 312 | F60: =SUMPRODUCT((((YEAR('Парк (SAP)'!$H$11:$H$346)*12+MONTH('Парк (SAP)'!$H$11:$H$346)-1)+$C5)<=(YEAR($A60)*12+MONTH($A60)-1))*((($C4="(Все)")+('Парк (SAP)'!$B$11:$B$346=$C4)>0))*((($G4="(Все)")+('Парк (SAP)'!$C$11:$C$346=$G4)>0))) -> 196
A61: 46905 | B61: =SUMPRODUCT(((YEAR('Парк (SAP)'!$H$11:$H$346)*12+MONTH('Парк (SAP)'!$H$11:$H$346)-1)=(YEAR($A61)*12+MONTH($A61)-1))*((($C4="(Все)")+('Парк (SAP)'!$B$11:$B$346=$C4)>0))*((($G4="(Все)")+('Парк (SAP)'!$C$11:$C$346=$G4)>0))) -> 4 | C61: =E61-F60 -> 120 | D61: =SUMPRODUCT((((YEAR('Парк (SAP)'!$H$11:$H$346)*12+MONTH('Парк (SAP)'!$H$11:$H$346)-1)+$C5)=(YEAR($A61)*12+MONTH($A61)-1))*((($C4="(Все)")+('Парк (SAP)'!$B$11:$B$346=$C4)>0))*((($G4="(Все)")+('Парк (SAP)'!$C$11:$C$346=$G4)>0))) -> 6 | E61: =SUMPRODUCT(((YEAR('Парк (SAP)'!$H$11:$H$346)*12+MONTH('Парк (SAP)'!$H$11:$H$346)-1)<=(YEAR($A61)*12+MONTH($A61)-1))*((($C4="(Все)")+('Парк (SAP)'!$B$11:$B$346=$C4)>0))*((($G4="(Все)")+('Парк (SAP)'!$C$11:$C$346=$G4)>0))) -> 316 | F61: =SUMPRODUCT((((YEAR('Парк (SAP)'!$H$11:$H$346)*12+MONTH('Парк (SAP)'!$H$11:$H$346)-1)+$C5)<=(YEAR($A61)*12+MONTH($A61)-1))*((($C4="(Все)")+('Парк (SAP)'!$B$11:$B$346=$C4)>0))*((($G4="(Все)")+('Парк (SAP)'!$C$11:$C$346=$G4)>0))) -> 202
A62: 46935 | B62: =SUMPRODUCT(((YEAR('Парк (SAP)'!$H$11:$H$346)*12+MONTH('Парк (SAP)'!$H$11:$H$346)-1)=(YEAR($A62)*12+MONTH($A62)-1))*((($C4="(Все)")+('Парк (SAP)'!$B$11:$B$346=$C4)>0))*((($G4="(Все)")+('Парк (SAP)'!$C$11:$C$346=$G4)>0))) -> 3 | C62: =E62-F61 -> 117 | D62: =SUMPRODUCT((((YEAR('Парк (SAP)'!$H$11:$H$346)*12+MONTH('Парк (SAP)'!$H$11:$H$346)-1)+$C5)=(YEAR($A62)*12+MONTH($A62)-1))*((($C4="(Все)")+('Парк (SAP)'!$B$11:$B$346=$C4)>0))*((($G4="(Все)")+('Парк (SAP)'!$C$11:$C$346=$G4)>0))) -> 2 | E62: =SUMPRODUCT(((YEAR('Парк (SAP)'!$H$11:$H$346)*12+MONTH('Парк (SAP)'!$H$11:$H$346)-1)<=(YEAR($A62)*12+MONTH($A62)-1))*((($C4="(Все)")+('Парк (SAP)'!$B$11:$B$346=$C4)>0))*((($G4="(Все)")+('Парк (SAP)'!$C$11:$C$346=$G4)>0))) -> 319 | F62: =SUMPRODUCT((((YEAR('Парк (SAP)'!$H$11:$H$346)*12+MONTH('Парк (SAP)'!$H$11:$H$346)-1)+$C5)<=(YEAR($A62)*12+MONTH($A62)-1))*((($C4="(Все)")+('Парк (SAP)'!$B$11:$B$346=$C4)>0))*((($G4="(Все)")+('Парк (SAP)'!$C$11:$C$346=$G4)>0))) -> 204
A63: 46966 | B63: =SUMPRODUCT(((YEAR('Парк (SAP)'!$H$11:$H$346)*12+MONTH('Парк (SAP)'!$H$11:$H$346)-1)=(YEAR($A63)*12+MONTH($A63)-1))*((($C4="(Все)")+('Парк (SAP)'!$B$11:$B$346=$C4)>0))*((($G4="(Все)")+('Парк (SAP)'!$C$11:$C$346=$G4)>0))) -> 1 | C63: =E63-F62 -> 116 | D63: =SUMPRODUCT((((YEAR('Парк (SAP)'!$H$11:$H$346)*12+MONTH('Парк (SAP)'!$H$11:$H$346)-1)+$C5)=(YEAR($A63)*12+MONTH($A63)-1))*((($C4="(Все)")+('Парк (SAP)'!$B$11:$B$346=$C4)>0))*((($G4="(Все)")+('Парк (SAP)'!$C$11:$C$346=$G4)>0))) -> 0 | E63: =SUMPRODUCT(((YEAR('Парк (SAP)'!$H$11:$H$346)*12+MONTH('Парк (SAP)'!$H$11:$H$346)-1)<=(YEAR($A63)*12+MONTH($A63)-1))*((($C4="(Все)")+('Парк (SAP)'!$B$11:$B$346=$C4)>0))*((($G4="(Все)")+('Парк (SAP)'!$C$11:$C$346=$G4)>0))) -> 320 | F63: =SUMPRODUCT((((YEAR('Парк (SAP)'!$H$11:$H$346)*12+MONTH('Парк (SAP)'!$H$11:$H$346)-1)+$C5)<=(YEAR($A63)*12+MONTH($A63)-1))*((($C4="(Все)")+('Парк (SAP)'!$B$11:$B$346=$C4)>0))*((($G4="(Все)")+('Парк (SAP)'!$C$11:$C$346=$G4)>0))) -> 204
A64: 46997 | B64: =SUMPRODUCT(((YEAR('Парк (SAP)'!$H$11:$H$346)*12+MONTH('Парк (SAP)'!$H$11:$H$346)-1)=(YEAR($A64)*12+MONTH($A64)-1))*((($C4="(Все)")+('Парк (SAP)'!$B$11:$B$346=$C4)>0))*((($G4="(Все)")+('Парк (SAP)'!$C$11:$C$346=$G4)>0))) -> 1 | C64: =E64-F63 -> 117 | D64: =SUMPRODUCT((((YEAR('Парк (SAP)'!$H$11:$H$346)*12+MONTH('Парк (SAP)'!$H$11:$H$346)-1)+$C5)=(YEAR($A64)*12+MONTH($A64)-1))*((($C4="(Все)")+('Парк (SAP)'!$B$11:$B$346=$C4)>0))*((($G4="(Все)")+('Парк (SAP)'!$C$11:$C$346=$G4)>0))) -> 5 | E64: =SUMPRODUCT(((YEAR('Парк (SAP)'!$H$11:$H$346)*12+MONTH('Парк (SAP)'!$H$11:$H$346)-1)<=(YEAR($A64)*12+MONTH($A64)-1))*((($C4="(Все)")+('Парк (SAP)'!$B$11:$B$346=$C4)>0))*((($G4="(Все)")+('Парк (SAP)'!$C$11:$C$346=$G4)>0))) -> 321 | F64: =SUMPRODUCT((((YEAR('Парк (SAP)'!$H$11:$H$346)*12+MONTH('Парк (SAP)'!$H$11:$H$346)-1)+$C5)<=(YEAR($A64)*12+MONTH($A64)-1))*((($C4="(Все)")+('Парк (SAP)'!$B$11:$B$346=$C4)>0))*((($G4="(Все)")+('Парк (SAP)'!$C$11:$C$346=$G4)>0))) -> 209
A65: 47027 | B65: =SUMPRODUCT(((YEAR('Парк (SAP)'!$H$11:$H$346)*12+MONTH('Парк (SAP)'!$H$11:$H$346)-1)=(YEAR($A65)*12+MONTH($A65)-1))*((($C4="(Все)")+('Парк (SAP)'!$B$11:$B$346=$C4)>0))*((($G4="(Все)")+('Парк (SAP)'!$C$11:$C$346=$G4)>0))) -> 4 | C65: =E65-F64 -> 116 | D65: =SUMPRODUCT((((YEAR('Парк (SAP)'!$H$11:$H$346)*12+MONTH('Парк (SAP)'!$H$11:$H$346)-1)+$C5)=(YEAR($A65)*12+MONTH($A65)-1))*((($C4="(Все)")+('Парк (SAP)'!$B$11:$B$346=$C4)>0))*((($G4="(Все)")+('Парк (SAP)'!$C$11:$C$346=$G4)>0))) -> 9 | E65: =SUMPRODUCT(((YEAR('Парк (SAP)'!$H$11:$H$346)*12+MONTH('Парк (SAP)'!$H$11:$H$346)-1)<=(YEAR($A65)*12+MONTH($A65)-1))*((($C4="(Все)")+('Парк (SAP)'!$B$11:$B$346=$C4)>0))*((($G4="(Все)")+('Парк (SAP)'!$C$11:$C$346=$G4)>0))) -> 325 | F65: =SUMPRODUCT((((YEAR('Парк (SAP)'!$H$11:$H$346)*12+MONTH('Парк (SAP)'!$H$11:$H$346)-1)+$C5)<=(YEAR($A65)*12+MONTH($A65)-1))*((($C4="(Все)")+('Парк (SAP)'!$B$11:$B$346=$C4)>0))*((($G4="(Все)")+('Парк (SAP)'!$C$11:$C$346=$G4)>0))) -> 218
A66: 47058 | B66: =SUMPRODUCT(((YEAR('Парк (SAP)'!$H$11:$H$346)*12+MONTH('Парк (SAP)'!$H$11:$H$346)-1)=(YEAR($A66)*12+MONTH($A66)-1))*((($C4="(Все)")+('Парк (SAP)'!$B$11:$B$346=$C4)>0))*((($G4="(Все)")+('Парк (SAP)'!$C$11:$C$346=$G4)>0))) -> 4 | C66: =E66-F65 -> 111 | D66: =SUMPRODUCT((((YEAR('Парк (SAP)'!$H$11:$H$346)*12+MONTH('Парк (SAP)'!$H$11:$H$346)-1)+$C5)=(YEAR($A66)*12+MONTH($A66)-1))*((($C4="(Все)")+('Парк (SAP)'!$B$11:$B$346=$C4)>0))*((($G4="(Все)")+('Парк (SAP)'!$C$11:$C$346=$G4)>0))) -> 13 | E66: =SUMPRODUCT(((YEAR('Парк (SAP)'!$H$11:$H$346)*12+MONTH('Парк (SAP)'!$H$11:$H$346)-1)<=(YEAR($A66)*12+MONTH($A66)-1))*((($C4="(Все)")+('Парк (SAP)'!$B$11:$B$346=$C4)>0))*((($G4="(Все)")+('Парк (SAP)'!$C$11:$C$346=$G4)>0))) -> 329 | F66: =SUMPRODUCT((((YEAR('Парк (SAP)'!$H$11:$H$346)*12+MONTH('Парк (SAP)'!$H$11:$H$346)-1)+$C5)<=(YEAR($A66)*12+MONTH($A66)-1))*((($C4="(Все)")+('Парк (SAP)'!$B$11:$B$346=$C4)>0))*((($G4="(Все)")+('Парк (SAP)'!$C$11:$C$346=$G4)>0))) -> 231
A67: 47088 | B67: =SUMPRODUCT(((YEAR('Парк (SAP)'!$H$11:$H$346)*12+MONTH('Парк (SAP)'!$H$11:$H$346)-1)=(YEAR($A67)*12+MONTH($A67)-1))*((($C4="(Все)")+('Парк (SAP)'!$B$11:$B$346=$C4)>0))*((($G4="(Все)")+('Парк (SAP)'!$C$11:$C$346=$G4)>0))) -> 4 | C67: =E67-F66 -> 102 | D67: =SUMPRODUCT((((YEAR('Парк (SAP)'!$H$11:$H$346)*12+MONTH('Парк (SAP)'!$H$11:$H$346)-1)+$C5)=(YEAR($A67)*12+MONTH($A67)-1))*((($C4="(Все)")+('Парк (SAP)'!$B$11:$B$346=$C4)>0))*((($G4="(Все)")+('Парк (SAP)'!$C$11:$C$346=$G4)>0))) -> 6 | E67: =SUMPRODUCT(((YEAR('Парк (SAP)'!$H$11:$H$346)*12+MONTH('Парк (SAP)'!$H$11:$H$346)-1)<=(YEAR($A67)*12+MONTH($A67)-1))*((($C4="(Все)")+('Парк (SAP)'!$B$11:$B$346=$C4)>0))*((($G4="(Все)")+('Парк (SAP)'!$C$11:$C$346=$G4)>0))) -> 333 | F67: =SUMPRODUCT((((YEAR('Парк (SAP)'!$H$11:$H$346)*12+MONTH('Парк (SAP)'!$H$11:$H$346)-1)+$C5)<=(YEAR($A67)*12+MONTH($A67)-1))*((($C4="(Все)")+('Парк (SAP)'!$B$11:$B$346=$C4)>0))*((($G4="(Все)")+('Парк (SAP)'!$C$11:$C$346=$G4)>0))) -> 237
A68: 47119 | B68: =SUMPRODUCT(((YEAR('Парк (SAP)'!$H$11:$H$346)*12+MONTH('Парк (SAP)'!$H$11:$H$346)-1)=(YEAR($A68)*12+MONTH($A68)-1))*((($C4="(Все)")+('Парк (SAP)'!$B$11:$B$346=$C4)>0))*((($G4="(Все)")+('Парк (SAP)'!$C$11:$C$346=$G4)>0))) -> 3 | C68: =E68-F67 -> 99 | D68: =SUMPRODUCT((((YEAR('Парк (SAP)'!$H$11:$H$346)*12+MONTH('Парк (SAP)'!$H$11:$H$346)-1)+$C5)=(YEAR($A68)*12+MONTH($A68)-1))*((($C4="(Все)")+('Парк (SAP)'!$B$11:$B$346=$C4)>0))*((($G4="(Все)")+('Парк (SAP)'!$C$11:$C$346=$G4)>0))) -> 8 | E68: =SUMPRODUCT(((YEAR('Парк (SAP)'!$H$11:$H$346)*12+MONTH('Парк (SAP)'!$H$11:$H$346)-1)<=(YEAR($A68)*12+MONTH($A68)-1))*((($C4="(Все)")+('Парк (SAP)'!$B$11:$B$346=$C4)>0))*((($G4="(Все)")+('Парк (SAP)'!$C$11:$C$346=$G4)>0))) -> 336 | F68: =SUMPRODUCT((((YEAR('Парк (SAP)'!$H$11:$H$346)*12+MONTH('Парк (SAP)'!$H$11:$H$346)-1)+$C5)<=(YEAR($A68)*12+MONTH($A68)-1))*((($C4="(Все)")+('Парк (SAP)'!$B$11:$B$346=$C4)>0))*((($G4="(Все)")+('Парк (SAP)'!$C$11:$C$346=$G4)>0))) -> 245
A69: 47150 | B69: =SUMPRODUCT(((YEAR('Парк (SAP)'!$H$11:$H$346)*12+MONTH('Парк (SAP)'!$H$11:$H$346)-1)=(YEAR($A69)*12+MONTH($A69)-1))*((($C4="(Все)")+('Парк (SAP)'!$B$11:$B$346=$C4)>0))*((($G4="(Все)")+('Парк (SAP)'!$C$11:$C$346=$G4)>0))) -> 0 | C69: =E69-F68 -> 91 | D69: =SUMPRODUCT((((YEAR('Парк (SAP)'!$H$11:$H$346)*12+MONTH('Парк (SAP)'!$H$11:$H$346)-1)+$C5)=(YEAR($A69)*12+MONTH($A69)-1))*((($C4="(Все)")+('Парк (SAP)'!$B$11:$B$346=$C4)>0))*((($G4="(Все)")+('Парк (SAP)'!$C$11:$C$346=$G4)>0))) -> 7 | E69: =SUMPRODUCT(((YEAR('Парк (SAP)'!$H$11:$H$346)*12+MONTH('Парк (SAP)'!$H$11:$H$346)-1)<=(YEAR($A69)*12+MONTH($A69)-1))*((($C4="(Все)")+('Парк (SAP)'!$B$11:$B$346=$C4)>0))*((($G4="(Все)")+('Парк (SAP)'!$C$11:$C$346=$G4)>0))) -> 336 | F69: =SUMPRODUCT((((YEAR('Парк (SAP)'!$H$11:$H$346)*12+MONTH('Парк (SAP)'!$H$11:$H$346)-1)+$C5)<=(YEAR($A69)*12+MONTH($A69)-1))*((($C4="(Все)")+('Парк (SAP)'!$B$11:$B$346=$C4)>0))*((($G4="(Все)")+('Парк (SAP)'!$C$11:$C$346=$G4)>0))) -> 252
A70: 47178 | B70: =SUMPRODUCT(((YEAR('Парк (SAP)'!$H$11:$H$346)*12+MONTH('Парк (SAP)'!$H$11:$H$346)-1)=(YEAR($A70)*12+MONTH($A70)-1))*((($C4="(Все)")+('Парк (SAP)'!$B$11:$B$346=$C4)>0))*((($G4="(Все)")+('Парк (SAP)'!$C$11:$C$346=$G4)>0))) -> 0 | C70: =E70-F69 -> 84 | D70: =SUMPRODUCT((((YEAR('Парк (SAP)'!$H$11:$H$346)*12+MONTH('Парк (SAP)'!$H$11:$H$346)-1)+$C5)=(YEAR($A70)*12+MONTH($A70)-1))*((($C4="(Все)")+('Парк (SAP)'!$B$11:$B$346=$C4)>0))*((($G4="(Все)")+('Парк (SAP)'!$C$11:$C$346=$G4)>0))) -> 0 | E70: =SUMPRODUCT(((YEAR('Парк (SAP)'!$H$11:$H$346)*12+MONTH('Парк (SAP)'!$H$11:$H$346)-1)<=(YEAR($A70)*12+MONTH($A70)-1))*((($C4="(Все)")+('Парк (SAP)'!$B$11:$B$346=$C4)>0))*((($G4="(Все)")+('Парк (SAP)'!$C$11:$C$346=$G4)>0))) -> 336 | F70: =SUMPRODUCT((((YEAR('Парк (SAP)'!$H$11:$H$346)*12+MONTH('Парк (SAP)'!$H$11:$H$346)-1)+$C5)<=(YEAR($A70)*12+MONTH($A70)-1))*((($C4="(Все)")+('Парк (SAP)'!$B$11:$B$346=$C4)>0))*((($G4="(Все)")+('Парк (SAP)'!$C$11:$C$346=$G4)>0))) -> 252
A71: 47209 | B71: =SUMPRODUCT(((YEAR('Парк (SAP)'!$H$11:$H$346)*12+MONTH('Парк (SAP)'!$H$11:$H$346)-1)=(YEAR($A71)*12+MONTH($A71)-1))*((($C4="(Все)")+('Парк (SAP)'!$B$11:$B$346=$C4)>0))*((($G4="(Все)")+('Парк (SAP)'!$C$11:$C$346=$G4)>0))) -> 0 | C71: =E71-F70 -> 84 | D71: =SUMPRODUCT((((YEAR('Парк (SAP)'!$H$11:$H$346)*12+MONTH('Парк (SAP)'!$H$11:$H$346)-1)+$C5)=(YEAR($A71)*12+MONTH($A71)-1))*((($C4="(Все)")+('Парк (SAP)'!$B$11:$B$346=$C4)>0))*((($G4="(Все)")+('Парк (SAP)'!$C$11:$C$346=$G4)>0))) -> 8 | E71: =SUMPRODUCT(((YEAR('Парк (SAP)'!$H$11:$H$346)*12+MONTH('Парк (SAP)'!$H$11:$H$346)-1)<=(YEAR($A71)*12+MONTH($A71)-1))*((($C4="(Все)")+('Парк (SAP)'!$B$11:$B$346=$C4)>0))*((($G4="(Все)")+('Парк (SAP)'!$C$11:$C$346=$G4)>0))) -> 336 | F71: =SUMPRODUCT((((YEAR('Парк (SAP)'!$H$11:$H$346)*12+MONTH('Парк (SAP)'!$H$11:$H$346)-1)+$C5)<=(YEAR($A71)*12+MONTH($A71)-1))*((($C4="(Все)")+('Парк (SAP)'!$B$11:$B$346=$C4)>0))*((($G4="(Все)")+('Парк (SAP)'!$C$11:$C$346=$G4)>0))) -> 260
A72: 47239 | B72: =SUMPRODUCT(((YEAR('Парк (SAP)'!$H$11:$H$346)*12+MONTH('Парк (SAP)'!$H$11:$H$346)-1)=(YEAR($A72)*12+MONTH($A72)-1))*((($C4="(Все)")+('Парк (SAP)'!$B$11:$B$346=$C4)>0))*((($G4="(Все)")+('Парк (SAP)'!$C$11:$C$346=$G4)>0))) -> 0 | C72: =E72-F71 -> 76 | D72: =SUMPRODUCT((((YEAR('Парк (SAP)'!$H$11:$H$346)*12+MONTH('Парк (SAP)'!$H$11:$H$346)-1)+$C5)=(YEAR($A72)*12+MONTH($A72)-1))*((($C4="(Все)")+('Парк (SAP)'!$B$11:$B$346=$C4)>0))*((($G4="(Все)")+('Парк (SAP)'!$C$11:$C$346=$G4)>0))) -> 7 | E72: =SUMPRODUCT(((YEAR('Парк (SAP)'!$H$11:$H$346)*12+MONTH('Парк (SAP)'!$H$11:$H$346)-1)<=(YEAR($A72)*12+MONTH($A72)-1))*((($C4="(Все)")+('Парк (SAP)'!$B$11:$B$346=$C4)>0))*((($G4="(Все)")+('Парк (SAP)'!$C$11:$C$346=$G4)>0))) -> 336 | F72: =SUMPRODUCT((((YEAR('Парк (SAP)'!$H$11:$H$346)*12+MONTH('Парк (SAP)'!$H$11:$H$346)-1)+$C5)<=(YEAR($A72)*12+MONTH($A72)-1))*((($C4="(Все)")+('Парк (SAP)'!$B$11:$B$346=$C4)>0))*((($G4="(Все)")+('Парк (SAP)'!$C$11:$C$346=$G4)>0))) -> 267
A73: 47270 | B73: =SUMPRODUCT(((YEAR('Парк (SAP)'!$H$11:$H$346)*12+MONTH('Парк (SAP)'!$H$11:$H$346)-1)=(YEAR($A73)*12+MONTH($A73)-1))*((($C4="(Все)")+('Парк (SAP)'!$B$11:$B$346=$C4)>0))*((($G4="(Все)")+('Парк (SAP)'!$C$11:$C$346=$G4)>0))) -> 0 | C73: =E73-F72 -> 69 | D73: =SUMPRODUCT((((YEAR('Парк (SAP)'!$H$11:$H$346)*12+MONTH('Парк (SAP)'!$H$11:$H$346)-1)+$C5)=(YEAR($A73)*12+MONTH($A73)-1))*((($C4="(Все)")+('Парк (SAP)'!$B$11:$B$346=$C4)>0))*((($G4="(Все)")+('Парк (SAP)'!$C$11:$C$346=$G4)>0))) -> 4 | E73: =SUMPRODUCT(((YEAR('Парк (SAP)'!$H$11:$H$346)*12+MONTH('Парк (SAP)'!$H$11:$H$346)-1)<=(YEAR($A73)*12+MONTH($A73)-1))*((($C4="(Все)")+('Парк (SAP)'!$B$11:$B$346=$C4)>0))*((($G4="(Все)")+('Парк (SAP)'!$C$11:$C$346=$G4)>0))) -> 336 | F73: =SUMPRODUCT((((YEAR('Парк (SAP)'!$H$11:$H$346)*12+MONTH('Парк (SAP)'!$H$11:$H$346)-1)+$C5)<=(YEAR($A73)*12+MONTH($A73)-1))*((($C4="(Все)")+('Парк (SAP)'!$B$11:$B$346=$C4)>0))*((($G4="(Все)")+('Парк (SAP)'!$C$11:$C$346=$G4)>0))) -> 271
A74: 47300 | B74: =SUMPRODUCT(((YEAR('Парк (SAP)'!$H$11:$H$346)*12+MONTH('Парк (SAP)'!$H$11:$H$346)-1)=(YEAR($A74)*12+MONTH($A74)-1))*((($C4="(Все)")+('Парк (SAP)'!$B$11:$B$346=$C4)>0))*((($G4="(Все)")+('Парк (SAP)'!$C$11:$C$346=$G4)>0))) -> 0 | C74: =E74-F73 -> 65 | D74: =SUMPRODUCT((((YEAR('Парк (SAP)'!$H$11:$H$346)*12+MONTH('Парк (SAP)'!$H$11:$H$346)-1)+$C5)=(YEAR($A74)*12+MONTH($A74)-1))*((($C4="(Все)")+('Парк (SAP)'!$B$11:$B$346=$C4)>0))*((($G4="(Все)")+('Парк (SAP)'!$C$11:$C$346=$G4)>0))) -> 3 | E74: =SUMPRODUCT(((YEAR('Парк (SAP)'!$H$11:$H$346)*12+MONTH('Парк (SAP)'!$H$11:$H$346)-1)<=(YEAR($A74)*12+MONTH($A74)-1))*((($C4="(Все)")+('Парк (SAP)'!$B$11:$B$346=$C4)>0))*((($G4="(Все)")+('Парк (SAP)'!$C$11:$C$346=$G4)>0))) -> 336 | F74: =SUMPRODUCT((((YEAR('Парк (SAP)'!$H$11:$H$346)*12+MONTH('Парк (SAP)'!$H$11:$H$346)-1)+$C5)<=(YEAR($A74)*12+MONTH($A74)-1))*((($C4="(Все)")+('Парк (SAP)'!$B$11:$B$346=$C4)>0))*((($G4="(Все)")+('Парк (SAP)'!$C$11:$C$346=$G4)>0))) -> 274
A75: 47331 | B75: =SUMPRODUCT(((YEAR('Парк (SAP)'!$H$11:$H$346)*12+MONTH('Парк (SAP)'!$H$11:$H$346)-1)=(YEAR($A75)*12+MONTH($A75)-1))*((($C4="(Все)")+('Парк (SAP)'!$B$11:$B$346=$C4)>0))*((($G4="(Все)")+('Парк (SAP)'!$C$11:$C$346=$G4)>0))) -> 0 | C75: =E75-F74 -> 62 | D75: =SUMPRODUCT((((YEAR('Парк (SAP)'!$H$11:$H$346)*12+MONTH('Парк (SAP)'!$H$11:$H$346)-1)+$C5)=(YEAR($A75)*12+MONTH($A75)-1))*((($C4="(Все)")+('Парк (SAP)'!$B$11:$B$346=$C4)>0))*((($G4="(Все)")+('Парк (SAP)'!$C$11:$C$346=$G4)>0))) -> 5 | E75: =SUMPRODUCT(((YEAR('Парк (SAP)'!$H$11:$H$346)*12+MONTH('Парк (SAP)'!$H$11:$H$346)-1)<=(YEAR($A75)*12+MONTH($A75)-1))*((($C4="(Все)")+('Парк (SAP)'!$B$11:$B$346=$C4)>0))*((($G4="(Все)")+('Парк (SAP)'!$C$11:$C$346=$G4)>0))) -> 336 | F75: =SUMPRODUCT((((YEAR('Парк (SAP)'!$H$11:$H$346)*12+MONTH('Парк (SAP)'!$H$11:$H$346)-1)+$C5)<=(YEAR($A75)*12+MONTH($A75)-1))*((($C4="(Все)")+('Парк (SAP)'!$B$11:$B$346=$C4)>0))*((($G4="(Все)")+('Парк (SAP)'!$C$11:$C$346=$G4)>0))) -> 279
A76: 47362 | B76: =SUMPRODUCT(((YEAR('Парк (SAP)'!$H$11:$H$346)*12+MONTH('Парк (SAP)'!$H$11:$H$346)-1)=(YEAR($A76)*12+MONTH($A76)-1))*((($C4="(Все)")+('Парк (SAP)'!$B$11:$B$346=$C4)>0))*((($G4="(Все)")+('Парк (SAP)'!$C$11:$C$346=$G4)>0))) -> 0 | C76: =E76-F75 -> 57 | D76: =SUMPRODUCT((((YEAR('Парк (SAP)'!$H$11:$H$346)*12+MONTH('Парк (SAP)'!$H$11:$H$346)-1)+$C5)=(YEAR($A76)*12+MONTH($A76)-1))*((($C4="(Все)")+('Парк (SAP)'!$B$11:$B$346=$C4)>0))*((($G4="(Все)")+('Парк (SAP)'!$C$11:$C$346=$G4)>0))) -> 4 | E76: =SUMPRODUCT(((YEAR('Парк (SAP)'!$H$11:$H$346)*12+MONTH('Парк (SAP)'!$H$11:$H$346)-1)<=(YEAR($A76)*12+MONTH($A76)-1))*((($C4="(Все)")+('Парк (SAP)'!$B$11:$B$346=$C4)>0))*((($G4="(Все)")+('Парк (SAP)'!$C$11:$C$346=$G4)>0))) -> 336 | F76: =SUMPRODUCT((((YEAR('Парк (SAP)'!$H$11:$H$346)*12+MONTH('Парк (SAP)'!$H$11:$H$346)-1)+$C5)<=(YEAR($A76)*12+MONTH($A76)-1))*((($C4="(Все)")+('Парк (SAP)'!$B$11:$B$346=$C4)>0))*((($G4="(Все)")+('Парк (SAP)'!$C$11:$C$346=$G4)>0))) -> 283
A77: 47392 | B77: =SUMPRODUCT(((YEAR('Парк (SAP)'!$H$11:$H$346)*12+MONTH('Парк (SAP)'!$H$11:$H$346)-1)=(YEAR($A77)*12+MONTH($A77)-1))*((($C4="(Все)")+('Парк (SAP)'!$B$11:$B$346=$C4)>0))*((($G4="(Все)")+('Парк (SAP)'!$C$11:$C$346=$G4)>0))) -> 0 | C77: =E77-F76 -> 53 | D77: =SUMPRODUCT((((YEAR('Парк (SAP)'!$H$11:$H$346)*12+MONTH('Парк (SAP)'!$H$11:$H$346)-1)+$C5)=(YEAR($A77)*12+MONTH($A77)-1))*((($C4="(Все)")+('Парк (SAP)'!$B$11:$B$346=$C4)>0))*((($G4="(Все)")+('Парк (SAP)'!$C$11:$C$346=$G4)>0))) -> 4 | E77: =SUMPRODUCT(((YEAR('Парк (SAP)'!$H$11:$H$346)*12+MONTH('Парк (SAP)'!$H$11:$H$346)-1)<=(YEAR($A77)*12+MONTH($A77)-1))*((($C4="(Все)")+('Парк (SAP)'!$B$11:$B$346=$C4)>0))*((($G4="(Все)")+('Парк (SAP)'!$C$11:$C$346=$G4)>0))) -> 336 | F77: =SUMPRODUCT((((YEAR('Парк (SAP)'!$H$11:$H$346)*12+MONTH('Парк (SAP)'!$H$11:$H$346)-1)+$C5)<=(YEAR($A77)*12+MONTH($A77)-1))*((($C4="(Все)")+('Парк (SAP)'!$B$11:$B$346=$C4)>0))*((($G4="(Все)")+('Парк (SAP)'!$C$11:$C$346=$G4)>0))) -> 287
A78: 47423 | B78: =SUMPRODUCT(((YEAR('Парк (SAP)'!$H$11:$H$346)*12+MONTH('Парк (SAP)'!$H$11:$H$346)-1)=(YEAR($A78)*12+MONTH($A78)-1))*((($C4="(Все)")+('Парк (SAP)'!$B$11:$B$346=$C4)>0))*((($G4="(Все)")+('Парк (SAP)'!$C$11:$C$346=$G4)>0))) -> 0 | C78: =E78-F77 -> 49 | D78: =SUMPRODUCT((((YEAR('Парк (SAP)'!$H$11:$H$346)*12+MONTH('Парк (SAP)'!$H$11:$H$346)-1)+$C5)=(YEAR($A78)*12+MONTH($A78)-1))*((($C4="(Все)")+('Парк (SAP)'!$B$11:$B$346=$C4)>0))*((($G4="(Все)")+('Парк (SAP)'!$C$11:$C$346=$G4)>0))) -> 4 | E78: =SUMPRODUCT(((YEAR('Парк (SAP)'!$H$11:$H$346)*12+MONTH('Парк (SAP)'!$H$11:$H$346)-1)<=(YEAR($A78)*12+MONTH($A78)-1))*((($C4="(Все)")+('Парк (SAP)'!$B$11:$B$346=$C4)>0))*((($G4="(Все)")+('Парк (SAP)'!$C$11:$C$346=$G4)>0))) -> 336 | F78: =SUMPRODUCT((((YEAR('Парк (SAP)'!$H$11:$H$346)*12+MONTH('Парк (SAP)'!$H$11:$H$346)-1)+$C5)<=(YEAR($A78)*12+MONTH($A78)-1))*((($C4="(Все)")+('Парк (SAP)'!$B$11:$B$346=$C4)>0))*((($G4="(Все)")+('Парк (SAP)'!$C$11:$C$346=$G4)>0))) -> 291
A79: 47453 | B79: =SUMPRODUCT(((YEAR('Парк (SAP)'!$H$11:$H$346)*12+MONTH('Парк (SAP)'!$H$11:$H$346)-1)=(YEAR($A79)*12+MONTH($A79)-1))*((($C4="(Все)")+('Парк (SAP)'!$B$11:$B$346=$C4)>0))*((($G4="(Все)")+('Парк (SAP)'!$C$11:$C$346=$G4)>0))) -> 0 | C79: =E79-F78 -> 45 | D79: =SUMPRODUCT((((YEAR('Парк (SAP)'!$H$11:$H$346)*12+MONTH('Парк (SAP)'!$H$11:$H$346)-1)+$C5)=(YEAR($A79)*12+MONTH($A79)-1))*((($C4="(Все)")+('Парк (SAP)'!$B$11:$B$346=$C4)>0))*((($G4="(Все)")+('Парк (SAP)'!$C$11:$C$346=$G4)>0))) -> 4 | E79: =SUMPRODUCT(((YEAR('Парк (SAP)'!$H$11:$H$346)*12+MONTH('Парк (SAP)'!$H$11:$H$346)-1)<=(YEAR($A79)*12+MONTH($A79)-1))*((($C4="(Все)")+('Парк (SAP)'!$B$11:$B$346=$C4)>0))*((($G4="(Все)")+('Парк (SAP)'!$C$11:$C$346=$G4)>0))) -> 336 | F79: =SUMPRODUCT((((YEAR('Парк (SAP)'!$H$11:$H$346)*12+MONTH('Парк (SAP)'!$H$11:$H$346)-1)+$C5)<=(YEAR($A79)*12+MONTH($A79)-1))*((($C4="(Все)")+('Парк (SAP)'!$B$11:$B$346=$C4)>0))*((($G4="(Все)")+('Парк (SAP)'!$C$11:$C$346=$G4)>0))) -> 295
A80: 47484 | B80: =SUMPRODUCT(((YEAR('Парк (SAP)'!$H$11:$H$346)*12+MONTH('Парк (SAP)'!$H$11:$H$346)-1)=(YEAR($A80)*12+MONTH($A80)-1))*((($C4="(Все)")+('Парк (SAP)'!$B$11:$B$346=$C4)>0))*((($G4="(Все)")+('Парк (SAP)'!$C$11:$C$346=$G4)>0))) -> 0 | C80: =E80-F79 -> 41 | D80: =SUMPRODUCT((((YEAR('Парк (SAP)'!$H$11:$H$346)*12+MONTH('Парк (SAP)'!$H$11:$H$346)-1)+$C5)=(YEAR($A80)*12+MONTH($A80)-1))*((($C4="(Все)")+('Парк (SAP)'!$B$11:$B$346=$C4)>0))*((($G4="(Все)")+('Парк (SAP)'!$C$11:$C$346=$G4)>0))) -> 3 | E80: =SUMPRODUCT(((YEAR('Парк (SAP)'!$H$11:$H$346)*12+MONTH('Парк (SAP)'!$H$11:$H$346)-1)<=(YEAR($A80)*12+MONTH($A80)-1))*((($C4="(Все)")+('Парк (SAP)'!$B$11:$B$346=$C4)>0))*((($G4="(Все)")+('Парк (SAP)'!$C$11:$C$346=$G4)>0))) -> 336 | F80: =SUMPRODUCT((((YEAR('Парк (SAP)'!$H$11:$H$346)*12+MONTH('Парк (SAP)'!$H$11:$H$346)-1)+$C5)<=(YEAR($A80)*12+MONTH($A80)-1))*((($C4="(Все)")+('Парк (SAP)'!$B$11:$B$346=$C4)>0))*((($G4="(Все)")+('Парк (SAP)'!$C$11:$C$346=$G4)>0))) -> 298
A81: 47515 | B81: =SUMPRODUCT(((YEAR('Парк (SAP)'!$H$11:$H$346)*12+MONTH('Парк (SAP)'!$H$11:$H$346)-1)=(YEAR($A81)*12+MONTH($A81)-1))*((($C4="(Все)")+('Парк (SAP)'!$B$11:$B$346=$C4)>0))*((($G4="(Все)")+('Парк (SAP)'!$C$11:$C$346=$G4)>0))) -> 0 | C81: =E81-F80 -> 38 | D81: =SUMPRODUCT((((YEAR('Парк (SAP)'!$H$11:$H$346)*12+MONTH('Парк (SAP)'!$H$11:$H$346)-1)+$C5)=(YEAR($A81)*12+MONTH($A81)-1))*((($C4="(Все)")+('Парк (SAP)'!$B$11:$B$346=$C4)>0))*((($G4="(Все)")+('Парк (SAP)'!$C$11:$C$346=$G4)>0))) -> 3 | E81: =SUMPRODUCT(((YEAR('Парк (SAP)'!$H$11:$H$346)*12+MONTH('Парк (SAP)'!$H$11:$H$346)-1)<=(YEAR($A81)*12+MONTH($A81)-1))*((($C4="(Все)")+('Парк (SAP)'!$B$11:$B$346=$C4)>0))*((($G4="(Все)")+('Парк (SAP)'!$C$11:$C$346=$G4)>0))) -> 336 | F81: =SUMPRODUCT((((YEAR('Парк (SAP)'!$H$11:$H$346)*12+MONTH('Парк (SAP)'!$H$11:$H$346)-1)+$C5)<=(YEAR($A81)*12+MONTH($A81)-1))*((($C4="(Все)")+('Парк (SAP)'!$B$11:$B$346=$C4)>0))*((($G4="(Все)")+('Парк (SAP)'!$C$11:$C$346=$G4)>0))) -> 301
A82: 47543 | B82: =SUMPRODUCT(((YEAR('Парк (SAP)'!$H$11:$H$346)*12+MONTH('Парк (SAP)'!$H$11:$H$346)-1)=(YEAR($A82)*12+MONTH($A82)-1))*((($C4="(Все)")+('Парк (SAP)'!$B$11:$B$346=$C4)>0))*((($G4="(Все)")+('Парк (SAP)'!$C$11:$C$346=$G4)>0))) -> 0 | C82: =E82-F81 -> 35 | D82: =SUMPRODUCT((((YEAR('Парк (SAP)'!$H$11:$H$346)*12+MONTH('Парк (SAP)'!$H$11:$H$346)-1)+$C5)=(YEAR($A82)*12+MONTH($A82)-1))*((($C4="(Все)")+('Парк (SAP)'!$B$11:$B$346=$C4)>0))*((($G4="(Все)")+('Парк (SAP)'!$C$11:$C$346=$G4)>0))) -> 3 | E82: =SUMPRODUCT(((YEAR('Парк (SAP)'!$H$11:$H$346)*12+MONTH('Парк (SAP)'!$H$11:$H$346)-1)<=(YEAR($A82)*12+MONTH($A82)-1))*((($C4="(Все)")+('Парк (SAP)'!$B$11:$B$346=$C4)>0))*((($G4="(Все)")+('Парк (SAP)'!$C$11:$C$346=$G4)>0))) -> 336 | F82: =SUMPRODUCT((((YEAR('Парк (SAP)'!$H$11:$H$346)*12+MONTH('Парк (SAP)'!$H$11:$H$346)-1)+$C5)<=(YEAR($A82)*12+MONTH($A82)-1))*((($C4="(Все)")+('Парк (SAP)'!$B$11:$B$346=$C4)>0))*((($G4="(Все)")+('Парк (SAP)'!$C$11:$C$346=$G4)>0))) -> 304
A83: 47574 | B83: =SUMPRODUCT(((YEAR('Парк (SAP)'!$H$11:$H$346)*12+MONTH('Парк (SAP)'!$H$11:$H$346)-1)=(YEAR($A83)*12+MONTH($A83)-1))*((($C4="(Все)")+('Парк (SAP)'!$B$11:$B$346=$C4)>0))*((($G4="(Все)")+('Парк (SAP)'!$C$11:$C$346=$G4)>0))) -> 0 | C83: =E83-F82 -> 32 | D83: =SUMPRODUCT((((YEAR('Парк (SAP)'!$H$11:$H$346)*12+MONTH('Парк (SAP)'!$H$11:$H$346)-1)+$C5)=(YEAR($A83)*12+MONTH($A83)-1))*((($C4="(Все)")+('Парк (SAP)'!$B$11:$B$346=$C4)>0))*((($G4="(Все)")+('Парк (SAP)'!$C$11:$C$346=$G4)>0))) -> 4 | E83: =SUMPRODUCT(((YEAR('Парк (SAP)'!$H$11:$H$346)*12+MONTH('Парк (SAP)'!$H$11:$H$346)-1)<=(YEAR($A83)*12+MONTH($A83)-1))*((($C4="(Все)")+('Парк (SAP)'!$B$11:$B$346=$C4)>0))*((($G4="(Все)")+('Парк (SAP)'!$C$11:$C$346=$G4)>0))) -> 336 | F83: =SUMPRODUCT((((YEAR('Парк (SAP)'!$H$11:$H$346)*12+MONTH('Парк (SAP)'!$H$11:$H$346)-1)+$C5)<=(YEAR($A83)*12+MONTH($A83)-1))*((($C4="(Все)")+('Парк (SAP)'!$B$11:$B$346=$C4)>0))*((($G4="(Все)")+('Парк (SAP)'!$C$11:$C$346=$G4)>0))) -> 308
A84: 47604 | B84: =SUMPRODUCT(((YEAR('Парк (SAP)'!$H$11:$H$346)*12+MONTH('Парк (SAP)'!$H$11:$H$346)-1)=(YEAR($A84)*12+MONTH($A84)-1))*((($C4="(Все)")+('Парк (SAP)'!$B$11:$B$346=$C4)>0))*((($G4="(Все)")+('Парк (SAP)'!$C$11:$C$346=$G4)>0))) -> 0 | C84: =E84-F83 -> 28 | D84: =SUMPRODUCT((((YEAR('Парк (SAP)'!$H$11:$H$346)*12+MONTH('Парк (SAP)'!$H$11:$H$346)-1)+$C5)=(YEAR($A84)*12+MONTH($A84)-1))*((($C4="(Все)")+('Парк (SAP)'!$B$11:$B$346=$C4)>0))*((($G4="(Все)")+('Парк (SAP)'!$C$11:$C$346=$G4)>0))) -> 4 | E84: =SUMPRODUCT(((YEAR('Парк (SAP)'!$H$11:$H$346)*12+MONTH('Парк (SAP)'!$H$11:$H$346)-1)<=(YEAR($A84)*12+MONTH($A84)-1))*((($C4="(Все)")+('Парк (SAP)'!$B$11:$B$346=$C4)>0))*((($G4="(Все)")+('Парк (SAP)'!$C$11:$C$346=$G4)>0))) -> 336 | F84: =SUMPRODUCT((((YEAR('Парк (SAP)'!$H$11:$H$346)*12+MONTH('Парк (SAP)'!$H$11:$H$346)-1)+$C5)<=(YEAR($A84)*12+MONTH($A84)-1))*((($C4="(Все)")+('Парк (SAP)'!$B$11:$B$346=$C4)>0))*((($G4="(Все)")+('Парк (SAP)'!$C$11:$C$346=$G4)>0))) -> 312
A85: 47635 | B85: =SUMPRODUCT(((YEAR('Парк (SAP)'!$H$11:$H$346)*12+MONTH('Парк (SAP)'!$H$11:$H$346)-1)=(YEAR($A85)*12+MONTH($A85)-1))*((($C4="(Все)")+('Парк (SAP)'!$B$11:$B$346=$C4)>0))*((($G4="(Все)")+('Парк (SAP)'!$C$11:$C$346=$G4)>0))) -> 0 | C85: =E85-F84 -> 24 | D85: =SUMPRODUCT((((YEAR('Парк (SAP)'!$H$11:$H$346)*12+MONTH('Парк (SAP)'!$H$11:$H$346)-1)+$C5)=(YEAR($A85)*12+MONTH($A85)-1))*((($C4="(Все)")+('Парк (SAP)'!$B$11:$B$346=$C4)>0))*((($G4="(Все)")+('Парк (SAP)'!$C$11:$C$346=$G4)>0))) -> 4 | E85: =SUMPRODUCT(((YEAR('Парк (SAP)'!$H$11:$H$346)*12+MONTH('Парк (SAP)'!$H$11:$H$346)-1)<=(YEAR($A85)*12+MONTH($A85)-1))*((($C4="(Все)")+('Парк (SAP)'!$B$11:$B$346=$C4)>0))*((($G4="(Все)")+('Парк (SAP)'!$C$11:$C$346=$G4)>0))) -> 336 | F85: =SUMPRODUCT((((YEAR('Парк (SAP)'!$H$11:$H$346)*12+MONTH('Парк (SAP)'!$H$11:$H$346)-1)+$C5)<=(YEAR($A85)*12+MONTH($A85)-1))*((($C4="(Все)")+('Парк (SAP)'!$B$11:$B$346=$C4)>0))*((($G4="(Все)")+('Парк (SAP)'!$C$11:$C$346=$G4)>0))) -> 316
A86: 47665 | B86: =SUMPRODUCT(((YEAR('Парк (SAP)'!$H$11:$H$346)*12+MONTH('Парк (SAP)'!$H$11:$H$346)-1)=(YEAR($A86)*12+MONTH($A86)-1))*((($C4="(Все)")+('Парк (SAP)'!$B$11:$B$346=$C4)>0))*((($G4="(Все)")+('Парк (SAP)'!$C$11:$C$346=$G4)>0))) -> 0 | C86: =E86-F85 -> 20 | D86: =SUMPRODUCT((((YEAR('Парк (SAP)'!$H$11:$H$346)*12+MONTH('Парк (SAP)'!$H$11:$H$346)-1)+$C5)=(YEAR($A86)*12+MONTH($A86)-1))*((($C4="(Все)")+('Парк (SAP)'!$B$11:$B$346=$C4)>0))*((($G4="(Все)")+('Парк (SAP)'!$C$11:$C$346=$G4)>0))) -> 3 | E86: =SUMPRODUCT(((YEAR('Парк (SAP)'!$H$11:$H$346)*12+MONTH('Парк (SAP)'!$H$11:$H$346)-1)<=(YEAR($A86)*12+MONTH($A86)-1))*((($C4="(Все)")+('Парк (SAP)'!$B$11:$B$346=$C4)>0))*((($G4="(Все)")+('Парк (SAP)'!$C$11:$C$346=$G4)>0))) -> 336 | F86: =SUMPRODUCT((((YEAR('Парк (SAP)'!$H$11:$H$346)*12+MONTH('Парк (SAP)'!$H$11:$H$346)-1)+$C5)<=(YEAR($A86)*12+MONTH($A86)-1))*((($C4="(Все)")+('Парк (SAP)'!$B$11:$B$346=$C4)>0))*((($G4="(Все)")+('Парк (SAP)'!$C$11:$C$346=$G4)>0))) -> 319
A87: 47696 | B87: =SUMPRODUCT(((YEAR('Парк (SAP)'!$H$11:$H$346)*12+MONTH('Парк (SAP)'!$H$11:$H$346)-1)=(YEAR($A87)*12+MONTH($A87)-1))*((($C4="(Все)")+('Парк (SAP)'!$B$11:$B$346=$C4)>0))*((($G4="(Все)")+('Парк (SAP)'!$C$11:$C$346=$G4)>0))) -> 0 | C87: =E87-F86 -> 17 | D87: =SUMPRODUCT((((YEAR('Парк (SAP)'!$H$11:$H$346)*12+MONTH('Парк (SAP)'!$H$11:$H$346)-1)+$C5)=(YEAR($A87)*12+MONTH($A87)-1))*((($C4="(Все)")+('Парк (SAP)'!$B$11:$B$346=$C4)>0))*((($G4="(Все)")+('Парк (SAP)'!$C$11:$C$346=$G4)>0))) -> 1 | E87: =SUMPRODUCT(((YEAR('Парк (SAP)'!$H$11:$H$346)*12+MONTH('Парк (SAP)'!$H$11:$H$346)-1)<=(YEAR($A87)*12+MONTH($A87)-1))*((($C4="(Все)")+('Парк (SAP)'!$B$11:$B$346=$C4)>0))*((($G4="(Все)")+('Парк (SAP)'!$C$11:$C$346=$G4)>0))) -> 336 | F87: =SUMPRODUCT((((YEAR('Парк (SAP)'!$H$11:$H$346)*12+MONTH('Парк (SAP)'!$H$11:$H$346)-1)+$C5)<=(YEAR($A87)*12+MONTH($A87)-1))*((($C4="(Все)")+('Парк (SAP)'!$B$11:$B$346=$C4)>0))*((($G4="(Все)")+('Парк (SAP)'!$C$11:$C$346=$G4)>0))) -> 320
A88: 47727 | B88: =SUMPRODUCT(((YEAR('Парк (SAP)'!$H$11:$H$346)*12+MONTH('Парк (SAP)'!$H$11:$H$346)-1)=(YEAR($A88)*12+MONTH($A88)-1))*((($C4="(Все)")+('Парк (SAP)'!$B$11:$B$346=$C4)>0))*((($G4="(Все)")+('Парк (SAP)'!$C$11:$C$346=$G4)>0))) -> 0 | C88: =E88-F87 -> 16 | D88: =SUMPRODUCT((((YEAR('Парк (SAP)'!$H$11:$H$346)*12+MONTH('Парк (SAP)'!$H$11:$H$346)-1)+$C5)=(YEAR($A88)*12+MONTH($A88)-1))*((($C4="(Все)")+('Парк (SAP)'!$B$11:$B$346=$C4)>0))*((($G4="(Все)")+('Парк (SAP)'!$C$11:$C$346=$G4)>0))) -> 1 | E88: =SUMPRODUCT(((YEAR('Парк (SAP)'!$H$11:$H$346)*12+MONTH('Парк (SAP)'!$H$11:$H$346)-1)<=(YEAR($A88)*12+MONTH($A88)-1))*((($C4="(Все)")+('Парк (SAP)'!$B$11:$B$346=$C4)>0))*((($G4="(Все)")+('Парк (SAP)'!$C$11:$C$346=$G4)>0))) -> 336 | F88: =SUMPRODUCT((((YEAR('Парк (SAP)'!$H$11:$H$346)*12+MONTH('Парк (SAP)'!$H$11:$H$346)-1)+$C5)<=(YEAR($A88)*12+MONTH($A88)-1))*((($C4="(Все)")+('Парк (SAP)'!$B$11:$B$346=$C4)>0))*((($G4="(Все)")+('Парк (SAP)'!$C$11:$C$346=$G4)>0))) -> 321
A89: 47757 | B89: =SUMPRODUCT(((YEAR('Парк (SAP)'!$H$11:$H$346)*12+MONTH('Парк (SAP)'!$H$11:$H$346)-1)=(YEAR($A89)*12+MONTH($A89)-1))*((($C4="(Все)")+('Парк (SAP)'!$B$11:$B$346=$C4)>0))*((($G4="(Все)")+('Парк (SAP)'!$C$11:$C$346=$G4)>0))) -> 0 | C89: =E89-F88 -> 15 | D89: =SUMPRODUCT((((YEAR('Парк (SAP)'!$H$11:$H$346)*12+MONTH('Парк (SAP)'!$H$11:$H$346)-1)+$C5)=(YEAR($A89)*12+MONTH($A89)-1))*((($C4="(Все)")+('Парк (SAP)'!$B$11:$B$346=$C4)>0))*((($G4="(Все)")+('Парк (SAP)'!$C$11:$C$346=$G4)>0))) -> 4 | E89: =SUMPRODUCT(((YEAR('Парк (SAP)'!$H$11:$H$346)*12+MONTH('Парк (SAP)'!$H$11:$H$346)-1)<=(YEAR($A89)*12+MONTH($A89)-1))*((($C4="(Все)")+('Парк (SAP)'!$B$11:$B$346=$C4)>0))*((($G4="(Все)")+('Парк (SAP)'!$C$11:$C$346=$G4)>0))) -> 336 | F89: =SUMPRODUCT((((YEAR('Парк (SAP)'!$H$11:$H$346)*12+MONTH('Парк (SAP)'!$H$11:$H$346)-1)+$C5)<=(YEAR($A89)*12+MONTH($A89)-1))*((($C4="(Все)")+('Парк (SAP)'!$B$11:$B$346=$C4)>0))*((($G4="(Все)")+('Парк (SAP)'!$C$11:$C$346=$G4)>0))) -> 325
A90: 47788 | B90: =SUMPRODUCT(((YEAR('Парк (SAP)'!$H$11:$H$346)*12+MONTH('Парк (SAP)'!$H$11:$H$346)-1)=(YEAR($A90)*12+MONTH($A90)-1))*((($C4="(Все)")+('Парк (SAP)'!$B$11:$B$346=$C4)>0))*((($G4="(Все)")+('Парк (SAP)'!$C$11:$C$346=$G4)>0))) -> 0 | C90: =E90-F89 -> 11 | D90: =SUMPRODUCT((((YEAR('Парк (SAP)'!$H$11:$H$346)*12+MONTH('Парк (SAP)'!$H$11:$H$346)-1)+$C5)=(YEAR($A90)*12+MONTH($A90)-1))*((($C4="(Все)")+('Парк (SAP)'!$B$11:$B$346=$C4)>0))*((($G4="(Все)")+('Парк (SAP)'!$C$11:$C$346=$G4)>0))) -> 4 | E90: =SUMPRODUCT(((YEAR('Парк (SAP)'!$H$11:$H$346)*12+MONTH('Парк (SAP)'!$H$11:$H$346)-1)<=(YEAR($A90)*12+MONTH($A90)-1))*((($C4="(Все)")+('Парк (SAP)'!$B$11:$B$346=$C4)>0))*((($G4="(Все)")+('Парк (SAP)'!$C$11:$C$346=$G4)>0))) -> 336 | F90: =SUMPRODUCT((((YEAR('Парк (SAP)'!$H$11:$H$346)*12+MONTH('Парк (SAP)'!$H$11:$H$346)-1)+$C5)<=(YEAR($A90)*12+MONTH($A90)-1))*((($C4="(Все)")+('Парк (SAP)'!$B$11:$B$346=$C4)>0))*((($G4="(Все)")+('Парк (SAP)'!$C$11:$C$346=$G4)>0))) -> 329
A91: 47818 | B91: =SUMPRODUCT(((YEAR('Парк (SAP)'!$H$11:$H$346)*12+MONTH('Парк (SAP)'!$H$11:$H$346)-1)=(YEAR($A91)*12+MONTH($A91)-1))*((($C4="(Все)")+('Парк (SAP)'!$B$11:$B$346=$C4)>0))*((($G4="(Все)")+('Парк (SAP)'!$C$11:$C$346=$G4)>0))) -> 0 | C91: =E91-F90 -> 7 | D91: =SUMPRODUCT((((YEAR('Парк (SAP)'!$H$11:$H$346)*12+MONTH('Парк (SAP)'!$H$11:$H$346)-1)+$C5)=(YEAR($A91)*12+MONTH($A91)-1))*((($C4="(Все)")+('Парк (SAP)'!$B$11:$B$346=$C4)>0))*((($G4="(Все)")+('Парк (SAP)'!$C$11:$C$346=$G4)>0))) -> 4 | E91: =SUMPRODUCT(((YEAR('Парк (SAP)'!$H$11:$H$346)*12+MONTH('Парк (SAP)'!$H$11:$H$346)-1)<=(YEAR($A91)*12+MONTH($A91)-1))*((($C4="(Все)")+('Парк (SAP)'!$B$11:$B$346=$C4)>0))*((($G4="(Все)")+('Парк (SAP)'!$C$11:$C$346=$G4)>0))) -> 336 | F91: =SUMPRODUCT((((YEAR('Парк (SAP)'!$H$11:$H$346)*12+MONTH('Парк (SAP)'!$H$11:$H$346)-1)+$C5)<=(YEAR($A91)*12+MONTH($A91)-1))*((($C4="(Все)")+('Парк (SAP)'!$B$11:$B$346=$C4)>0))*((($G4="(Все)")+('Парк (SAP)'!$C$11:$C$346=$G4)>0))) -> 333
A92: 47849 | B92: =SUMPRODUCT(((YEAR('Парк (SAP)'!$H$11:$H$346)*12+MONTH('Парк (SAP)'!$H$11:$H$346)-1)=(YEAR($A92)*12+MONTH($A92)-1))*((($C4="(Все)")+('Парк (SAP)'!$B$11:$B$346=$C4)>0))*((($G4="(Все)")+('Парк (SAP)'!$C$11:$C$346=$G4)>0))) -> 0 | C92: =E92-F91 -> 3 | D92: =SUMPRODUCT((((YEAR('Парк (SAP)'!$H$11:$H$346)*12+MONTH('Парк (SAP)'!$H$11:$H$346)-1)+$C5)=(YEAR($A92)*12+MONTH($A92)-1))*((($C4="(Все)")+('Парк (SAP)'!$B$11:$B$346=$C4)>0))*((($G4="(Все)")+('Парк (SAP)'!$C$11:$C$346=$G4)>0))) -> 3 | E92: =SUMPRODUCT(((YEAR('Парк (SAP)'!$H$11:$H$346)*12+MONTH('Парк (SAP)'!$H$11:$H$346)-1)<=(YEAR($A92)*12+MONTH($A92)-1))*((($C4="(Все)")+('Парк (SAP)'!$B$11:$B$346=$C4)>0))*((($G4="(Все)")+('Парк (SAP)'!$C$11:$C$346=$G4)>0))) -> 336 | F92: =SUMPRODUCT((((YEAR('Парк (SAP)'!$H$11:$H$346)*12+MONTH('Парк (SAP)'!$H$11:$H$346)-1)+$C5)<=(YEAR($A92)*12+MONTH($A92)-1))*((($C4="(Все)")+('Парк (SAP)'!$B$11:$B$346=$C4)>0))*((($G4="(Все)")+('Парк (SAP)'!$C$11:$C$346=$G4)>0))) -> 336
A93: 47880 | B93: =SUMPRODUCT(((YEAR('Парк (SAP)'!$H$11:$H$346)*12+MONTH('Парк (SAP)'!$H$11:$H$346)-1)=(YEAR($A93)*12+MONTH($A93)-1))*((($C4="(Все)")+('Парк (SAP)'!$B$11:$B$346=$C4)>0))*((($G4="(Все)")+('Парк (SAP)'!$C$11:$C$346=$G4)>0))) -> 0 | C93: =E93-F92 -> 0 | D93: =SUMPRODUCT((((YEAR('Парк (SAP)'!$H$11:$H$346)*12+MONTH('Парк (SAP)'!$H$11:$H$346)-1)+$C5)=(YEAR($A93)*12+MONTH($A93)-1))*((($C4="(Все)")+('Парк (SAP)'!$B$11:$B$346=$C4)>0))*((($G4="(Все)")+('Парк (SAP)'!$C$11:$C$346=$G4)>0))) -> 0 | E93: =SUMPRODUCT(((YEAR('Парк (SAP)'!$H$11:$H$346)*12+MONTH('Парк (SAP)'!$H$11:$H$346)-1)<=(YEAR($A93)*12+MONTH($A93)-1))*((($C4="(Все)")+('Парк (SAP)'!$B$11:$B$346=$C4)>0))*((($G4="(Все)")+('Парк (SAP)'!$C$11:$C$346=$G4)>0))) -> 336 | F93: =SUMPRODUCT((((YEAR('Парк (SAP)'!$H$11:$H$346)*12+MONTH('Парк (SAP)'!$H$11:$H$346)-1)+$C5)<=(YEAR($A93)*12+MONTH($A93)-1))*((($C4="(Все)")+('Парк (SAP)'!$B$11:$B$346=$C4)>0))*((($G4="(Все)")+('Парк (SAP)'!$C$11:$C$346=$G4)>0))) -> 336
A94: 47908 | B94: =SUMPRODUCT(((YEAR('Парк (SAP)'!$H$11:$H$346)*12+MONTH('Парк (SAP)'!$H$11:$H$346)-1)=(YEAR($A94)*12+MONTH($A94)-1))*((($C4="(Все)")+('Парк (SAP)'!$B$11:$B$346=$C4)>0))*((($G4="(Все)")+('Парк (SAP)'!$C$11:$C$346=$G4)>0))) -> 0 | C94: =E94-F93 -> 0 | D94: =SUMPRODUCT((((YEAR('Парк (SAP)'!$H$11:$H$346)*12+MONTH('Парк (SAP)'!$H$11:$H$346)-1)+$C5)=(YEAR($A94)*12+MONTH($A94)-1))*((($C4="(Все)")+('Парк (SAP)'!$B$11:$B$346=$C4)>0))*((($G4="(Все)")+('Парк (SAP)'!$C$11:$C$346=$G4)>0))) -> 0 | E94: =SUMPRODUCT(((YEAR('Парк (SAP)'!$H$11:$H$346)*12+MONTH('Парк (SAP)'!$H$11:$H$346)-1)<=(YEAR($A94)*12+MONTH($A94)-1))*((($C4="(Все)")+('Парк (SAP)'!$B$11:$B$346=$C4)>0))*((($G4="(Все)")+('Парк (SAP)'!$C$11:$C$346=$G4)>0))) -> 336 | F94: =SUMPRODUCT((((YEAR('Парк (SAP)'!$H$11:$H$346)*12+MONTH('Парк (SAP)'!$H$11:$H$346)-1)+$C5)<=(YEAR($A94)*12+MONTH($A94)-1))*((($C4="(Все)")+('Парк (SAP)'!$B$11:$B$346=$C4)>0))*((($G4="(Все)")+('Парк (SAP)'!$C$11:$C$346=$G4)>0))) -> 336
A95: 47939 | B95: =SUMPRODUCT(((YEAR('Парк (SAP)'!$H$11:$H$346)*12+MONTH('Парк (SAP)'!$H$11:$H$346)-1)=(YEAR($A95)*12+MONTH($A95)-1))*((($C4="(Все)")+('Парк (SAP)'!$B$11:$B$346=$C4)>0))*((($G4="(Все)")+('Парк (SAP)'!$C$11:$C$346=$G4)>0))) -> 0 | C95: =E95-F94 -> 0 | D95: =SUMPRODUCT((((YEAR('Парк (SAP)'!$H$11:$H$346)*12+MONTH('Парк (SAP)'!$H$11:$H$346)-1)+$C5)=(YEAR($A95)*12+MONTH($A95)-1))*((($C4="(Все)")+('Парк (SAP)'!$B$11:$B$346=$C4)>0))*((($G4="(Все)")+('Парк (SAP)'!$C$11:$C$346=$G4)>0))) -> 0 | E95: =SUMPRODUCT(((YEAR('Парк (SAP)'!$H$11:$H$346)*12+MONTH('Парк (SAP)'!$H$11:$H$346)-1)<=(YEAR($A95)*12+MONTH($A95)-1))*((($C4="(Все)")+('Парк (SAP)'!$B$11:$B$346=$C4)>0))*((($G4="(Все)")+('Парк (SAP)'!$C$11:$C$346=$G4)>0))) -> 336 | F95: =SUMPRODUCT((((YEAR('Парк (SAP)'!$H$11:$H$346)*12+MONTH('Парк (SAP)'!$H$11:$H$346)-1)+$C5)<=(YEAR($A95)*12+MONTH($A95)-1))*((($C4="(Все)")+('Парк (SAP)'!$B$11:$B$346=$C4)>0))*((($G4="(Все)")+('Парк (SAP)'!$C$11:$C$346=$G4)>0))) -> 336
A96: 47969 | B96: =SUMPRODUCT(((YEAR('Парк (SAP)'!$H$11:$H$346)*12+MONTH('Парк (SAP)'!$H$11:$H$346)-1)=(YEAR($A96)*12+MONTH($A96)-1))*((($C4="(Все)")+('Парк (SAP)'!$B$11:$B$346=$C4)>0))*((($G4="(Все)")+('Парк (SAP)'!$C$11:$C$346=$G4)>0))) -> 0 | C96: =E96-F95 -> 0 | D96: =SUMPRODUCT((((YEAR('Парк (SAP)'!$H$11:$H$346)*12+MONTH('Парк (SAP)'!$H$11:$H$346)-1)+$C5)=(YEAR($A96)*12+MONTH($A96)-1))*((($C4="(Все)")+('Парк (SAP)'!$B$11:$B$346=$C4)>0))*((($G4="(Все)")+('Парк (SAP)'!$C$11:$C$346=$G4)>0))) -> 0 | E96: =SUMPRODUCT(((YEAR('Парк (SAP)'!$H$11:$H$346)*12+MONTH('Парк (SAP)'!$H$11:$H$346)-1)<=(YEAR($A96)*12+MONTH($A96)-1))*((($C4="(Все)")+('Парк (SAP)'!$B$11:$B$346=$C4)>0))*((($G4="(Все)")+('Парк (SAP)'!$C$11:$C$346=$G4)>0))) -> 336 | F96: =SUMPRODUCT((((YEAR('Парк (SAP)'!$H$11:$H$346)*12+MONTH('Парк (SAP)'!$H$11:$H$346)-1)+$C5)<=(YEAR($A96)*12+MONTH($A96)-1))*((($C4="(Все)")+('Парк (SAP)'!$B$11:$B$346=$C4)>0))*((($G4="(Все)")+('Парк (SAP)'!$C$11:$C$346=$G4)>0))) -> 336
A97: 48000 | B97: =SUMPRODUCT(((YEAR('Парк (SAP)'!$H$11:$H$346)*12+MONTH('Парк (SAP)'!$H$11:$H$346)-1)=(YEAR($A97)*12+MONTH($A97)-1))*((($C4="(Все)")+('Парк (SAP)'!$B$11:$B$346=$C4)>0))*((($G4="(Все)")+('Парк (SAP)'!$C$11:$C$346=$G4)>0))) -> 0 | C97: =E97-F96 -> 0 | D97: =SUMPRODUCT((((YEAR('Парк (SAP)'!$H$11:$H$346)*12+MONTH('Парк (SAP)'!$H$11:$H$346)-1)+$C5)=(YEAR($A97)*12+MONTH($A97)-1))*((($C4="(Все)")+('Парк (SAP)'!$B$11:$B$346=$C4)>0))*((($G4="(Все)")+('Парк (SAP)'!$C$11:$C$346=$G4)>0))) -> 0 | E97: =SUMPRODUCT(((YEAR('Парк (SAP)'!$H$11:$H$346)*12+MONTH('Парк (SAP)'!$H$11:$H$346)-1)<=(YEAR($A97)*12+MONTH($A97)-1))*((($C4="(Все)")+('Парк (SAP)'!$B$11:$B$346=$C4)>0))*((($G4="(Все)")+('Парк (SAP)'!$C$11:$C$346=$G4)>0))) -> 336 | F97: =SUMPRODUCT((((YEAR('Парк (SAP)'!$H$11:$H$346)*12+MONTH('Парк (SAP)'!$H$11:$H$346)-1)+$C5)<=(YEAR($A97)*12+MONTH($A97)-1))*((($C4="(Все)")+('Парк (SAP)'!$B$11:$B$346=$C4)>0))*((($G4="(Все)")+('Парк (SAP)'!$C$11:$C$346=$G4)>0))) -> 336
A98: 48030 | B98: =SUMPRODUCT(((YEAR('Парк (SAP)'!$H$11:$H$346)*12+MONTH('Парк (SAP)'!$H$11:$H$346)-1)=(YEAR($A98)*12+MONTH($A98)-1))*((($C4="(Все)")+('Парк (SAP)'!$B$11:$B$346=$C4)>0))*((($G4="(Все)")+('Парк (SAP)'!$C$11:$C$346=$G4)>0))) -> 0 | C98: =E98-F97 -> 0 | D98: =SUMPRODUCT((((YEAR('Парк (SAP)'!$H$11:$H$346)*12+MONTH('Парк (SAP)'!$H$11:$H$346)-1)+$C5)=(YEAR($A98)*12+MONTH($A98)-1))*((($C4="(Все)")+('Парк (SAP)'!$B$11:$B$346=$C4)>0))*((($G4="(Все)")+('Парк (SAP)'!$C$11:$C$346=$G4)>0))) -> 0 | E98: =SUMPRODUCT(((YEAR('Парк (SAP)'!$H$11:$H$346)*12+MONTH('Парк (SAP)'!$H$11:$H$346)-1)<=(YEAR($A98)*12+MONTH($A98)-1))*((($C4="(Все)")+('Парк (SAP)'!$B$11:$B$346=$C4)>0))*((($G4="(Все)")+('Парк (SAP)'!$C$11:$C$346=$G4)>0))) -> 336 | F98: =SUMPRODUCT((((YEAR('Парк (SAP)'!$H$11:$H$346)*12+MONTH('Парк (SAP)'!$H$11:$H$346)-1)+$C5)<=(YEAR($A98)*12+MONTH($A98)-1))*((($C4="(Все)")+('Парк (SAP)'!$B$11:$B$346=$C4)>0))*((($G4="(Все)")+('Парк (SAP)'!$C$11:$C$346=$G4)>0))) -> 336
A99: 48061 | B99: =SUMPRODUCT(((YEAR('Парк (SAP)'!$H$11:$H$346)*12+MONTH('Парк (SAP)'!$H$11:$H$346)-1)=(YEAR($A99)*12+MONTH($A99)-1))*((($C4="(Все)")+('Парк (SAP)'!$B$11:$B$346=$C4)>0))*((($G4="(Все)")+('Парк (SAP)'!$C$11:$C$346=$G4)>0))) -> 0 | C99: =E99-F98 -> 0 | D99: =SUMPRODUCT((((YEAR('Парк (SAP)'!$H$11:$H$346)*12+MONTH('Парк (SAP)'!$H$11:$H$346)-1)+$C5)=(YEAR($A99)*12+MONTH($A99)-1))*((($C4="(Все)")+('Парк (SAP)'!$B$11:$B$346=$C4)>0))*((($G4="(Все)")+('Парк (SAP)'!$C$11:$C$346=$G4)>0))) -> 0 | E99: =SUMPRODUCT(((YEAR('Парк (SAP)'!$H$11:$H$346)*12+MONTH('Парк (SAP)'!$H$11:$H$346)-1)<=(YEAR($A99)*12+MONTH($A99)-1))*((($C4="(Все)")+('Парк (SAP)'!$B$11:$B$346=$C4)>0))*((($G4="(Все)")+('Парк (SAP)'!$C$11:$C$346=$G4)>0))) -> 336 | F99: =SUMPRODUCT((((YEAR('Парк (SAP)'!$H$11:$H$346)*12+MONTH('Парк (SAP)'!$H$11:$H$346)-1)+$C5)<=(YEAR($A99)*12+MONTH($A99)-1))*((($C4="(Все)")+('Парк (SAP)'!$B$11:$B$346=$C4)>0))*((($G4="(Все)")+('Парк (SAP)'!$C$11:$C$346=$G4)>0))) -> 336
A100: 48092 | B100: =SUMPRODUCT(((YEAR('Парк (SAP)'!$H$11:$H$346)*12+MONTH('Парк (SAP)'!$H$11:$H$346)-1)=(YEAR($A100)*12+MONTH($A100)-1))*((($C4="(Все)")+('Парк (SAP)'!$B$11:$B$346=$C4)>0))*((($G4="(Все)")+('Парк (SAP)'!$C$11:$C$346=$G4)>0))) -> 0 | C100: =E100-F99 -> 0 | D100: =SUMPRODUCT((((YEAR('Парк (SAP)'!$H$11:$H$346)*12+MONTH('Парк (SAP)'!$H$11:$H$346)-1)+$C5)=(YEAR($A100)*12+MONTH($A100)-1))*((($C4="(Все)")+('Парк (SAP)'!$B$11:$B$346=$C4)>0))*((($G4="(Все)")+('Парк (SAP)'!$C$11:$C$346=$G4)>0))) -> 0 | E100: =SUMPRODUCT(((YEAR('Парк (SAP)'!$H$11:$H$346)*12+MONTH('Парк (SAP)'!$H$11:$H$346)-1)<=(YEAR($A100)*12+MONTH($A100)-1))*((($C4="(Все)")+('Парк (SAP)'!$B$11:$B$346=$C4)>0))*((($G4="(Все)")+('Парк (SAP)'!$C$11:$C$346=$G4)>0))) -> 336 | F100: =SUMPRODUCT((((YEAR('Парк (SAP)'!$H$11:$H$346)*12+MONTH('Парк (SAP)'!$H$11:$H$346)-1)+$C5)<=(YEAR($A100)*12+MONTH($A100)-1))*((($C4="(Все)")+('Парк (SAP)'!$B$11:$B$346=$C4)>0))*((($G4="(Все)")+('Парк (SAP)'!$C$11:$C$346=$G4)>0))) -> 336
A101: 48122 | B101: =SUMPRODUCT(((YEAR('Парк (SAP)'!$H$11:$H$346)*12+MONTH('Парк (SAP)'!$H$11:$H$346)-1)=(YEAR($A101)*12+MONTH($A101)-1))*((($C4="(Все)")+('Парк (SAP)'!$B$11:$B$346=$C4)>0))*((($G4="(Все)")+('Парк (SAP)'!$C$11:$C$346=$G4)>0))) -> 0 | C101: =E101-F100 -> 0 | D101: =SUMPRODUCT((((YEAR('Парк (SAP)'!$H$11:$H$346)*12+MONTH('Парк (SAP)'!$H$11:$H$346)-1)+$C5)=(YEAR($A101)*12+MONTH($A101)-1))*((($C4="(Все)")+('Парк (SAP)'!$B$11:$B$346=$C4)>0))*((($G4="(Все)")+('Парк (SAP)'!$C$11:$C$346=$G4)>0))) -> 0 | E101: =SUMPRODUCT(((YEAR('Парк (SAP)'!$H$11:$H$346)*12+MONTH('Парк (SAP)'!$H$11:$H$346)-1)<=(YEAR($A101)*12+MONTH($A101)-1))*((($C4="(Все)")+('Парк (SAP)'!$B$11:$B$346=$C4)>0))*((($G4="(Все)")+('Парк (SAP)'!$C$11:$C$346=$G4)>0))) -> 336 | F101: =SUMPRODUCT((((YEAR('Парк (SAP)'!$H$11:$H$346)*12+MONTH('Парк (SAP)'!$H$11:$H$346)-1)+$C5)<=(YEAR($A101)*12+MONTH($A101)-1))*((($C4="(Все)")+('Парк (SAP)'!$B$11:$B$346=$C4)>0))*((($G4="(Все)")+('Парк (SAP)'!$C$11:$C$346=$G4)>0))) -> 336
A102: 48153 | B102: =SUMPRODUCT(((YEAR('Парк (SAP)'!$H$11:$H$346)*12+MONTH('Парк (SAP)'!$H$11:$H$346)-1)=(YEAR($A102)*12+MONTH($A102)-1))*((($C4="(Все)")+('Парк (SAP)'!$B$11:$B$346=$C4)>0))*((($G4="(Все)")+('Парк (SAP)'!$C$11:$C$346=$G4)>0))) -> 0 | C102: =E102-F101 -> 0 | D102: =SUMPRODUCT((((YEAR('Парк (SAP)'!$H$11:$H$346)*12+MONTH('Парк (SAP)'!$H$11:$H$346)-1)+$C5)=(YEAR($A102)*12+MONTH($A102)-1))*((($C4="(Все)")+('Парк (SAP)'!$B$11:$B$346=$C4)>0))*((($G4="(Все)")+('Парк (SAP)'!$C$11:$C$346=$G4)>0))) -> 0 | E102: =SUMPRODUCT(((YEAR('Парк (SAP)'!$H$11:$H$346)*12+MONTH('Парк (SAP)'!$H$11:$H$346)-1)<=(YEAR($A102)*12+MONTH($A102)-1))*((($C4="(Все)")+('Парк (SAP)'!$B$11:$B$346=$C4)>0))*((($G4="(Все)")+('Парк (SAP)'!$C$11:$C$346=$G4)>0))) -> 336 | F102: =SUMPRODUCT((((YEAR('Парк (SAP)'!$H$11:$H$346)*12+MONTH('Парк (SAP)'!$H$11:$H$346)-1)+$C5)<=(YEAR($A102)*12+MONTH($A102)-1))*((($C4="(Все)")+('Парк (SAP)'!$B$11:$B$346=$C4)>0))*((($G4="(Все)")+('Парк (SAP)'!$C$11:$C$346=$G4)>0))) -> 336
...

Sheet Потребность (компоненты)
A1: ПОТРЕБНОСТЬ В ОБОРОТНЫХ КОМПОНЕНТАХ ПО МЕСЯЦАМ — ПО КАЖДОЙ ПЛОЩАДКЕ
A2: Требуемое кол-во оборотных компонентов = ОКРУГЛ.ВВЕРХ(машин на гарантии / норматив) × норма на комплект, отдельно по каждой площадке и модели. Норматив: 10 самосвалов = 1 комплект. NTE: 1 ДВС + 2 мотор-колеса + 1 силовой генератор. TR100: 1 ДВС + 1 КПП + 2 бортовых редуктора.
A3: ПАРАМЕТРЫ (жёлтые ячейки — редактируемые)
A4: Самосвалов на 1 комплект | D4: 10
A5: NTE: ДВС на комплект | D5: 1
A6: NTE: Мотор-колёс на комплект | D6: 2
A7: NTE: Силовой генератор на комплект | D7: 1
A8: TR100: ДВС на комплект | D8: 1
A9: TR100: КПП на комплект | D9: 1
A10: TR100: Бортовых редукторов на комплект | D10: 2
A12: Месяц | B12: Год | C12: Красноярск | I12: Сухой Лог | O12: Магадан | U12: Алдан
C13: ДВС (NTE240) | D13: Мотор-колесо (NTE240) | E13: Силовой генератор (NTE240) | F13: ДВС (TR100) | G13: КПП (TR100) | H13: Бортовой редуктор (TR100) | I13: ДВС (NTE240) | J13: Мотор-колесо (NTE240) | K13: Силовой генератор (NTE240) | L13: ДВС (TR100) | M13: КПП (TR100) | N13: Бортовой редуктор (TR100) | O13: ДВС (NTE200) | P13: Мотор-колесо (NTE200) | Q13: Силовой генератор (NTE200) | R13: ДВС (TR100) | S13: КПП (TR100) | T13: Бортовой редуктор (TR100) | U13: ДВС (TR100) | V13: КПП (TR100) | W13: Бортовой редуктор (TR100)
A14: 45323 | B14: =YEAR(A14) -> 2024 | C14: =ROUNDUP('Гарантия (машины)'!C5/$D$4,0)*$D$5 -> 1 | D14: =ROUNDUP('Гарантия (машины)'!C5/$D$4,0)*$D$6 -> 2 | E14: =ROUNDUP('Гарантия (машины)'!C5/$D$4,0)*$D$7 -> 1 | F14: =ROUNDUP('Гарантия (машины)'!D5/$D$4,0)*$D$8 -> 0 | G14: =ROUNDUP('Гарантия (машины)'!D5/$D$4,0)*$D$9 -> 0 | H14: =ROUNDUP('Гарантия (машины)'!D5/$D$4,0)*$D$10 -> 0 | I14: =ROUNDUP('Гарантия (машины)'!E5/$D$4,0)*$D$5 -> 0 | J14: =ROUNDUP('Гарантия (машины)'!E5/$D$4,0)*$D$6 -> 0 | K14: =ROUNDUP('Гарантия (машины)'!E5/$D$4,0)*$D$7 -> 0 | L14: =ROUNDUP('Гарантия (машины)'!F5/$D$4,0)*$D$8 -> 0 | M14: =ROUNDUP('Гарантия (машины)'!F5/$D$4,0)*$D$9 -> 0 | N14: =ROUNDUP('Гарантия (машины)'!F5/$D$4,0)*$D$10 -> 0 | O14: =ROUNDUP('Гарантия (машины)'!G5/$D$4,0)*$D$5 -> 1 | P14: =ROUNDUP('Гарантия (машины)'!G5/$D$4,0)*$D$6 -> 2 | Q14: =ROUNDUP('Гарантия (машины)'!G5/$D$4,0)*$D$7 -> 1 | R14: =ROUNDUP('Гарантия (машины)'!H5/$D$4,0)*$D$8 -> 0 | S14: =ROUNDUP('Гарантия (машины)'!H5/$D$4,0)*$D$9 -> 0 | T14: =ROUNDUP('Гарантия (машины)'!H5/$D$4,0)*$D$10 -> 0 | U14: =ROUNDUP('Гарантия (машины)'!I5/$D$4,0)*$D$8 -> 1 | V14: =ROUNDUP('Гарантия (машины)'!I5/$D$4,0)*$D$9 -> 1 | W14: =ROUNDUP('Гарантия (машины)'!I5/$D$4,0)*$D$10 -> 2
A15: 45352 | B15: =YEAR(A15) -> 2024 | C15: =ROUNDUP('Гарантия (машины)'!C6/$D$4,0)*$D$5 -> 1 | D15: =ROUNDUP('Гарантия (машины)'!C6/$D$4,0)*$D$6 -> 2 | E15: =ROUNDUP('Гарантия (машины)'!C6/$D$4,0)*$D$7 -> 1 | F15: =ROUNDUP('Гарантия (машины)'!D6/$D$4,0)*$D$8 -> 0 | G15: =ROUNDUP('Гарантия (машины)'!D6/$D$4,0)*$D$9 -> 0 | H15: =ROUNDUP('Гарантия (машины)'!D6/$D$4,0)*$D$10 -> 0 | I15: =ROUNDUP('Гарантия (машины)'!E6/$D$4,0)*$D$5 -> 0 | J15: =ROUNDUP('Гарантия (машины)'!E6/$D$4,0)*$D$6 -> 0 | K15: =ROUNDUP('Гарантия (машины)'!E6/$D$4,0)*$D$7 -> 0 | L15: =ROUNDUP('Гарантия (машины)'!F6/$D$4,0)*$D$8 -> 0 | M15: =ROUNDUP('Гарантия (машины)'!F6/$D$4,0)*$D$9 -> 0 | N15: =ROUNDUP('Гарантия (машины)'!F6/$D$4,0)*$D$10 -> 0 | O15: =ROUNDUP('Гарантия (машины)'!G6/$D$4,0)*$D$5 -> 2 | P15: =ROUNDUP('Гарантия (машины)'!G6/$D$4,0)*$D$6 -> 4 | Q15: =ROUNDUP('Гарантия (машины)'!G6/$D$4,0)*$D$7 -> 2 | R15: =ROUNDUP('Гарантия (машины)'!H6/$D$4,0)*$D$8 -> 0 | S15: =ROUNDUP('Гарантия (машины)'!H6/$D$4,0)*$D$9 -> 0 | T15: =ROUNDUP('Гарантия (машины)'!H6/$D$4,0)*$D$10 -> 0 | U15: =ROUNDUP('Гарантия (машины)'!I6/$D$4,0)*$D$8 -> 1 | V15: =ROUNDUP('Гарантия (машины)'!I6/$D$4,0)*$D$9 -> 1 | W15: =ROUNDUP('Гарантия (машины)'!I6/$D$4,0)*$D$10 -> 2
A16: 45383 | B16: =YEAR(A16) -> 2024 | C16: =ROUNDUP('Гарантия (машины)'!C7/$D$4,0)*$D$5 -> 2 | D16: =ROUNDUP('Гарантия (машины)'!C7/$D$4,0)*$D$6 -> 4 | E16: =ROUNDUP('Гарантия (машины)'!C7/$D$4,0)*$D$7 -> 2 | F16: =ROUNDUP('Гарантия (машины)'!D7/$D$4,0)*$D$8 -> 0 | G16: =ROUNDUP('Гарантия (машины)'!D7/$D$4,0)*$D$9 -> 0 | H16: =ROUNDUP('Гарантия (машины)'!D7/$D$4,0)*$D$10 -> 0 | I16: =ROUNDUP('Гарантия (машины)'!E7/$D$4,0)*$D$5 -> 0 | J16: =ROUNDUP('Гарантия (машины)'!E7/$D$4,0)*$D$6 -> 0 | K16: =ROUNDUP('Гарантия (машины)'!E7/$D$4,0)*$D$7 -> 0 | L16: =ROUNDUP('Гарантия (машины)'!F7/$D$4,0)*$D$8 -> 0 | M16: =ROUNDUP('Гарантия (машины)'!F7/$D$4,0)*$D$9 -> 0 | N16: =ROUNDUP('Гарантия (машины)'!F7/$D$4,0)*$D$10 -> 0 | O16: =ROUNDUP('Гарантия (машины)'!G7/$D$4,0)*$D$5 -> 2 | P16: =ROUNDUP('Гарантия (машины)'!G7/$D$4,0)*$D$6 -> 4 | Q16: =ROUNDUP('Гарантия (машины)'!G7/$D$4,0)*$D$7 -> 2 | R16: =ROUNDUP('Гарантия (машины)'!H7/$D$4,0)*$D$8 -> 0 | S16: =ROUNDUP('Гарантия (машины)'!H7/$D$4,0)*$D$9 -> 0 | T16: =ROUNDUP('Гарантия (машины)'!H7/$D$4,0)*$D$10 -> 0 | U16: =ROUNDUP('Гарантия (машины)'!I7/$D$4,0)*$D$8 -> 1 | V16: =ROUNDUP('Гарантия (машины)'!I7/$D$4,0)*$D$9 -> 1 | W16: =ROUNDUP('Гарантия (машины)'!I7/$D$4,0)*$D$10 -> 2
A17: 45413 | B17: =YEAR(A17) -> 2024 | C17: =ROUNDUP('Гарантия (машины)'!C8/$D$4,0)*$D$5 -> 2 | D17: =ROUNDUP('Гарантия (машины)'!C8/$D$4,0)*$D$6 -> 4 | E17: =ROUNDUP('Гарантия (машины)'!C8/$D$4,0)*$D$7 -> 2 | F17: =ROUNDUP('Гарантия (машины)'!D8/$D$4,0)*$D$8 -> 0 | G17: =ROUNDUP('Гарантия (машины)'!D8/$D$4,0)*$D$9 -> 0 | H17: =ROUNDUP('Гарантия (машины)'!D8/$D$4,0)*$D$10 -> 0 | I17: =ROUNDUP('Гарантия (машины)'!E8/$D$4,0)*$D$5 -> 0 | J17: =ROUNDUP('Гарантия (машины)'!E8/$D$4,0)*$D$6 -> 0 | K17: =ROUNDUP('Гарантия (машины)'!E8/$D$4,0)*$D$7 -> 0 | L17: =ROUNDUP('Гарантия (машины)'!F8/$D$4,0)*$D$8 -> 1 | M17: =ROUNDUP('Гарантия (машины)'!F8/$D$4,0)*$D$9 -> 1 | N17: =ROUNDUP('Гарантия (машины)'!F8/$D$4,0)*$D$10 -> 2 | O17: =ROUNDUP('Гарантия (машины)'!G8/$D$4,0)*$D$5 -> 2 | P17: =ROUNDUP('Гарантия (машины)'!G8/$D$4,0)*$D$6 -> 4 | Q17: =ROUNDUP('Гарантия (машины)'!G8/$D$4,0)*$D$7 -> 2 | R17: =ROUNDUP('Гарантия (машины)'!H8/$D$4,0)*$D$8 -> 0 | S17: =ROUNDUP('Гарантия (машины)'!H8/$D$4,0)*$D$9 -> 0 | T17: =ROUNDUP('Гарантия (машины)'!H8/$D$4,0)*$D$10 -> 0 | U17: =ROUNDUP('Гарантия (машины)'!I8/$D$4,0)*$D$8 -> 1 | V17: =ROUNDUP('Гарантия (машины)'!I8/$D$4,0)*$D$9 -> 1 | W17: =ROUNDUP('Гарантия (машины)'!I8/$D$4,0)*$D$10 -> 2
A18: 45444 | B18: =YEAR(A18) -> 2024 | C18: =ROUNDUP('Гарантия (машины)'!C9/$D$4,0)*$D$5 -> 3 | D18: =ROUNDUP('Гарантия (машины)'!C9/$D$4,0)*$D$6 -> 6 | E18: =ROUNDUP('Гарантия (машины)'!C9/$D$4,0)*$D$7 -> 3 | F18: =ROUNDUP('Гарантия (машины)'!D9/$D$4,0)*$D$8 -> 0 | G18: =ROUNDUP('Гарантия (машины)'!D9/$D$4,0)*$D$9 -> 0 | H18: =ROUNDUP('Гарантия (машины)'!D9/$D$4,0)*$D$10 -> 0 | I18: =ROUNDUP('Гарантия (машины)'!E9/$D$4,0)*$D$5 -> 0 | J18: =ROUNDUP('Гарантия (машины)'!E9/$D$4,0)*$D$6 -> 0 | K18: =ROUNDUP('Гарантия (машины)'!E9/$D$4,0)*$D$7 -> 0 | L18: =ROUNDUP('Гарантия (машины)'!F9/$D$4,0)*$D$8 -> 1 | M18: =ROUNDUP('Гарантия (машины)'!F9/$D$4,0)*$D$9 -> 1 | N18: =ROUNDUP('Гарантия (машины)'!F9/$D$4,0)*$D$10 -> 2 | O18: =ROUNDUP('Гарантия (машины)'!G9/$D$4,0)*$D$5 -> 2 | P18: =ROUNDUP('Гарантия (машины)'!G9/$D$4,0)*$D$6 -> 4 | Q18: =ROUNDUP('Гарантия (машины)'!G9/$D$4,0)*$D$7 -> 2 | R18: =ROUNDUP('Гарантия (машины)'!H9/$D$4,0)*$D$8 -> 0 | S18: =ROUNDUP('Гарантия (машины)'!H9/$D$4,0)*$D$9 -> 0 | T18: =ROUNDUP('Гарантия (машины)'!H9/$D$4,0)*$D$10 -> 0 | U18: =ROUNDUP('Гарантия (машины)'!I9/$D$4,0)*$D$8 -> 1 | V18: =ROUNDUP('Гарантия (машины)'!I9/$D$4,0)*$D$9 -> 1 | W18: =ROUNDUP('Гарантия (машины)'!I9/$D$4,0)*$D$10 -> 2
A19: 45474 | B19: =YEAR(A19) -> 2024 | C19: =ROUNDUP('Гарантия (машины)'!C10/$D$4,0)*$D$5 -> 3 | D19: =ROUNDUP('Гарантия (машины)'!C10/$D$4,0)*$D$6 -> 6 | E19: =ROUNDUP('Гарантия (машины)'!C10/$D$4,0)*$D$7 -> 3 | F19: =ROUNDUP('Гарантия (машины)'!D10/$D$4,0)*$D$8 -> 0 | G19: =ROUNDUP('Гарантия (машины)'!D10/$D$4,0)*$D$9 -> 0 | H19: =ROUNDUP('Гарантия (машины)'!D10/$D$4,0)*$D$10 -> 0 | I19: =ROUNDUP('Гарантия (машины)'!E10/$D$4,0)*$D$5 -> 0 | J19: =ROUNDUP('Гарантия (машины)'!E10/$D$4,0)*$D$6 -> 0 | K19: =ROUNDUP('Гарантия (машины)'!E10/$D$4,0)*$D$7 -> 0 | L19: =ROUNDUP('Гарантия (машины)'!F10/$D$4,0)*$D$8 -> 1 | M19: =ROUNDUP('Гарантия (машины)'!F10/$D$4,0)*$D$9 -> 1 | N19: =ROUNDUP('Гарантия (машины)'!F10/$D$4,0)*$D$10 -> 2 | O19: =ROUNDUP('Гарантия (машины)'!G10/$D$4,0)*$D$5 -> 2 | P19: =ROUNDUP('Гарантия (машины)'!G10/$D$4,0)*$D$6 -> 4 | Q19: =ROUNDUP('Гарантия (машины)'!G10/$D$4,0)*$D$7 -> 2 | R19: =ROUNDUP('Гарантия (машины)'!H10/$D$4,0)*$D$8 -> 0 | S19: =ROUNDUP('Гарантия (машины)'!H10/$D$4,0)*$D$9 -> 0 | T19: =ROUNDUP('Гарантия (машины)'!H10/$D$4,0)*$D$10 -> 0 | U19: =ROUNDUP('Гарантия (машины)'!I10/$D$4,0)*$D$8 -> 1 | V19: =ROUNDUP('Гарантия (машины)'!I10/$D$4,0)*$D$9 -> 1 | W19: =ROUNDUP('Гарантия (машины)'!I10/$D$4,0)*$D$10 -> 2
A20: 45505 | B20: =YEAR(A20) -> 2024 | C20: =ROUNDUP('Гарантия (машины)'!C11/$D$4,0)*$D$5 -> 3 | D20: =ROUNDUP('Гарантия (машины)'!C11/$D$4,0)*$D$6 -> 6 | E20: =ROUNDUP('Гарантия (машины)'!C11/$D$4,0)*$D$7 -> 3 | F20: =ROUNDUP('Гарантия (машины)'!D11/$D$4,0)*$D$8 -> 0 | G20: =ROUNDUP('Гарантия (машины)'!D11/$D$4,0)*$D$9 -> 0 | H20: =ROUNDUP('Гарантия (машины)'!D11/$D$4,0)*$D$10 -> 0 | I20: =ROUNDUP('Гарантия (машины)'!E11/$D$4,0)*$D$5 -> 0 | J20: =ROUNDUP('Гарантия (машины)'!E11/$D$4,0)*$D$6 -> 0 | K20: =ROUNDUP('Гарантия (машины)'!E11/$D$4,0)*$D$7 -> 0 | L20: =ROUNDUP('Гарантия (машины)'!F11/$D$4,0)*$D$8 -> 1 | M20: =ROUNDUP('Гарантия (машины)'!F11/$D$4,0)*$D$9 -> 1 | N20: =ROUNDUP('Гарантия (машины)'!F11/$D$4,0)*$D$10 -> 2 | O20: =ROUNDUP('Гарантия (машины)'!G11/$D$4,0)*$D$5 -> 2 | P20: =ROUNDUP('Гарантия (машины)'!G11/$D$4,0)*$D$6 -> 4 | Q20: =ROUNDUP('Гарантия (машины)'!G11/$D$4,0)*$D$7 -> 2 | R20: =ROUNDUP('Гарантия (машины)'!H11/$D$4,0)*$D$8 -> 0 | S20: =ROUNDUP('Гарантия (машины)'!H11/$D$4,0)*$D$9 -> 0 | T20: =ROUNDUP('Гарантия (машины)'!H11/$D$4,0)*$D$10 -> 0 | U20: =ROUNDUP('Гарантия (машины)'!I11/$D$4,0)*$D$8 -> 1 | V20: =ROUNDUP('Гарантия (машины)'!I11/$D$4,0)*$D$9 -> 1 | W20: =ROUNDUP('Гарантия (машины)'!I11/$D$4,0)*$D$10 -> 2
A21: 45536 | B21: =YEAR(A21) -> 2024 | C21: =ROUNDUP('Гарантия (машины)'!C12/$D$4,0)*$D$5 -> 3 | D21: =ROUNDUP('Гарантия (машины)'!C12/$D$4,0)*$D$6 -> 6 | E21: =ROUNDUP('Гарантия (машины)'!C12/$D$4,0)*$D$7 -> 3 | F21: =ROUNDUP('Гарантия (машины)'!D12/$D$4,0)*$D$8 -> 0 | G21: =ROUNDUP('Гарантия (машины)'!D12/$D$4,0)*$D$9 -> 0 | H21: =ROUNDUP('Гарантия (машины)'!D12/$D$4,0)*$D$10 -> 0 | I21: =ROUNDUP('Гарантия (машины)'!E12/$D$4,0)*$D$5 -> 0 | J21: =ROUNDUP('Гарантия (машины)'!E12/$D$4,0)*$D$6 -> 0 | K21: =ROUNDUP('Гарантия (машины)'!E12/$D$4,0)*$D$7 -> 0 | L21: =ROUNDUP('Гарантия (машины)'!F12/$D$4,0)*$D$8 -> 1 | M21: =ROUNDUP('Гарантия (машины)'!F12/$D$4,0)*$D$9 -> 1 | N21: =ROUNDUP('Гарантия (машины)'!F12/$D$4,0)*$D$10 -> 2 | O21: =ROUNDUP('Гарантия (машины)'!G12/$D$4,0)*$D$5 -> 2 | P21: =ROUNDUP('Гарантия (машины)'!G12/$D$4,0)*$D$6 -> 4 | Q21: =ROUNDUP('Гарантия (машины)'!G12/$D$4,0)*$D$7 -> 2 | R21: =ROUNDUP('Гарантия (машины)'!H12/$D$4,0)*$D$8 -> 0 | S21: =ROUNDUP('Гарантия (машины)'!H12/$D$4,0)*$D$9 -> 0 | T21: =ROUNDUP('Гарантия (машины)'!H12/$D$4,0)*$D$10 -> 0 | U21: =ROUNDUP('Гарантия (машины)'!I12/$D$4,0)*$D$8 -> 1 | V21: =ROUNDUP('Гарантия (машины)'!I12/$D$4,0)*$D$9 -> 1 | W21: =ROUNDUP('Гарантия (машины)'!I12/$D$4,0)*$D$10 -> 2
A22: 45566 | B22: =YEAR(A22) -> 2024 | C22: =ROUNDUP('Гарантия (машины)'!C13/$D$4,0)*$D$5 -> 4 | D22: =ROUNDUP('Гарантия (машины)'!C13/$D$4,0)*$D$6 -> 8 | E22: =ROUNDUP('Гарантия (машины)'!C13/$D$4,0)*$D$7 -> 4 | F22: =ROUNDUP('Гарантия (машины)'!D13/$D$4,0)*$D$8 -> 0 | G22: =ROUNDUP('Гарантия (машины)'!D13/$D$4,0)*$D$9 -> 0 | H22: =ROUNDUP('Гарантия (машины)'!D13/$D$4,0)*$D$10 -> 0 | I22: =ROUNDUP('Гарантия (машины)'!E13/$D$4,0)*$D$5 -> 0 | J22: =ROUNDUP('Гарантия (машины)'!E13/$D$4,0)*$D$6 -> 0 | K22: =ROUNDUP('Гарантия (машины)'!E13/$D$4,0)*$D$7 -> 0 | L22: =ROUNDUP('Гарантия (машины)'!F13/$D$4,0)*$D$8 -> 1 | M22: =ROUNDUP('Гарантия (машины)'!F13/$D$4,0)*$D$9 -> 1 | N22: =ROUNDUP('Гарантия (машины)'!F13/$D$4,0)*$D$10 -> 2 | O22: =ROUNDUP('Гарантия (машины)'!G13/$D$4,0)*$D$5 -> 2 | P22: =ROUNDUP('Гарантия (машины)'!G13/$D$4,0)*$D$6 -> 4 | Q22: =ROUNDUP('Гарантия (машины)'!G13/$D$4,0)*$D$7 -> 2 | R22: =ROUNDUP('Гарантия (машины)'!H13/$D$4,0)*$D$8 -> 0 | S22: =ROUNDUP('Гарантия (машины)'!H13/$D$4,0)*$D$9 -> 0 | T22: =ROUNDUP('Гарантия (машины)'!H13/$D$4,0)*$D$10 -> 0 | U22: =ROUNDUP('Гарантия (машины)'!I13/$D$4,0)*$D$8 -> 1 | V22: =ROUNDUP('Гарантия (машины)'!I13/$D$4,0)*$D$9 -> 1 | W22: =ROUNDUP('Гарантия (машины)'!I13/$D$4,0)*$D$10 -> 2
A23: 45597 | B23: =YEAR(A23) -> 2024 | C23: =ROUNDUP('Гарантия (машины)'!C14/$D$4,0)*$D$5 -> 4 | D23: =ROUNDUP('Гарантия (машины)'!C14/$D$4,0)*$D$6 -> 8 | E23: =ROUNDUP('Гарантия (машины)'!C14/$D$4,0)*$D$7 -> 4 | F23: =ROUNDUP('Гарантия (машины)'!D14/$D$4,0)*$D$8 -> 0 | G23: =ROUNDUP('Гарантия (машины)'!D14/$D$4,0)*$D$9 -> 0 | H23: =ROUNDUP('Гарантия (машины)'!D14/$D$4,0)*$D$10 -> 0 | I23: =ROUNDUP('Гарантия (машины)'!E14/$D$4,0)*$D$5 -> 0 | J23: =ROUNDUP('Гарантия (машины)'!E14/$D$4,0)*$D$6 -> 0 | K23: =ROUNDUP('Гарантия (машины)'!E14/$D$4,0)*$D$7 -> 0 | L23: =ROUNDUP('Гарантия (машины)'!F14/$D$4,0)*$D$8 -> 1 | M23: =ROUNDUP('Гарантия (машины)'!F14/$D$4,0)*$D$9 -> 1 | N23: =ROUNDUP('Гарантия (машины)'!F14/$D$4,0)*$D$10 -> 2 | O23: =ROUNDUP('Гарантия (машины)'!G14/$D$4,0)*$D$5 -> 2 | P23: =ROUNDUP('Гарантия (машины)'!G14/$D$4,0)*$D$6 -> 4 | Q23: =ROUNDUP('Гарантия (машины)'!G14/$D$4,0)*$D$7 -> 2 | R23: =ROUNDUP('Гарантия (машины)'!H14/$D$4,0)*$D$8 -> 0 | S23: =ROUNDUP('Гарантия (машины)'!H14/$D$4,0)*$D$9 -> 0 | T23: =ROUNDUP('Гарантия (машины)'!H14/$D$4,0)*$D$10 -> 0 | U23: =ROUNDUP('Гарантия (машины)'!I14/$D$4,0)*$D$8 -> 1 | V23: =ROUNDUP('Гарантия (машины)'!I14/$D$4,0)*$D$9 -> 1 | W23: =ROUNDUP('Гарантия (машины)'!I14/$D$4,0)*$D$10 -> 2
A24: 45627 | B24: =YEAR(A24) -> 2024 | C24: =ROUNDUP('Гарантия (машины)'!C15/$D$4,0)*$D$5 -> 4 | D24: =ROUNDUP('Гарантия (машины)'!C15/$D$4,0)*$D$6 -> 8 | E24: =ROUNDUP('Гарантия (машины)'!C15/$D$4,0)*$D$7 -> 4 | F24: =ROUNDUP('Гарантия (машины)'!D15/$D$4,0)*$D$8 -> 0 | G24: =ROUNDUP('Гарантия (машины)'!D15/$D$4,0)*$D$9 -> 0 | H24: =ROUNDUP('Гарантия (машины)'!D15/$D$4,0)*$D$10 -> 0 | I24: =ROUNDUP('Гарантия (машины)'!E15/$D$4,0)*$D$5 -> 0 | J24: =ROUNDUP('Гарантия (машины)'!E15/$D$4,0)*$D$6 -> 0 | K24: =ROUNDUP('Гарантия (машины)'!E15/$D$4,0)*$D$7 -> 0 | L24: =ROUNDUP('Гарантия (машины)'!F15/$D$4,0)*$D$8 -> 1 | M24: =ROUNDUP('Гарантия (машины)'!F15/$D$4,0)*$D$9 -> 1 | N24: =ROUNDUP('Гарантия (машины)'!F15/$D$4,0)*$D$10 -> 2 | O24: =ROUNDUP('Гарантия (машины)'!G15/$D$4,0)*$D$5 -> 3 | P24: =ROUNDUP('Гарантия (машины)'!G15/$D$4,0)*$D$6 -> 6 | Q24: =ROUNDUP('Гарантия (машины)'!G15/$D$4,0)*$D$7 -> 3 | R24: =ROUNDUP('Гарантия (машины)'!H15/$D$4,0)*$D$8 -> 0 | S24: =ROUNDUP('Гарантия (машины)'!H15/$D$4,0)*$D$9 -> 0 | T24: =ROUNDUP('Гарантия (машины)'!H15/$D$4,0)*$D$10 -> 0 | U24: =ROUNDUP('Гарантия (машины)'!I15/$D$4,0)*$D$8 -> 1 | V24: =ROUNDUP('Гарантия (машины)'!I15/$D$4,0)*$D$9 -> 1 | W24: =ROUNDUP('Гарантия (машины)'!I15/$D$4,0)*$D$10 -> 2
A25: 45658 | B25: =YEAR(A25) -> 2025 | C25: =ROUNDUP('Гарантия (машины)'!C16/$D$4,0)*$D$5 -> 4 | D25: =ROUNDUP('Гарантия (машины)'!C16/$D$4,0)*$D$6 -> 8 | E25: =ROUNDUP('Гарантия (машины)'!C16/$D$4,0)*$D$7 -> 4 | F25: =ROUNDUP('Гарантия (машины)'!D16/$D$4,0)*$D$8 -> 0 | G25: =ROUNDUP('Гарантия (машины)'!D16/$D$4,0)*$D$9 -> 0 | H25: =ROUNDUP('Гарантия (машины)'!D16/$D$4,0)*$D$10 -> 0 | I25: =ROUNDUP('Гарантия (машины)'!E16/$D$4,0)*$D$5 -> 0 | J25: =ROUNDUP('Гарантия (машины)'!E16/$D$4,0)*$D$6 -> 0 | K25: =ROUNDUP('Гарантия (машины)'!E16/$D$4,0)*$D$7 -> 0 | L25: =ROUNDUP('Гарантия (машины)'!F16/$D$4,0)*$D$8 -> 1 | M25: =ROUNDUP('Гарантия (машины)'!F16/$D$4,0)*$D$9 -> 1 | N25: =ROUNDUP('Гарантия (машины)'!F16/$D$4,0)*$D$10 -> 2 | O25: =ROUNDUP('Гарантия (машины)'!G16/$D$4,0)*$D$5 -> 3 | P25: =ROUNDUP('Гарантия (машины)'!G16/$D$4,0)*$D$6 -> 6 | Q25: =ROUNDUP('Гарантия (машины)'!G16/$D$4,0)*$D$7 -> 3 | R25: =ROUNDUP('Гарантия (машины)'!H16/$D$4,0)*$D$8 -> 0 | S25: =ROUNDUP('Гарантия (машины)'!H16/$D$4,0)*$D$9 -> 0 | T25: =ROUNDUP('Гарантия (машины)'!H16/$D$4,0)*$D$10 -> 0 | U25: =ROUNDUP('Гарантия (машины)'!I16/$D$4,0)*$D$8 -> 1 | V25: =ROUNDUP('Гарантия (машины)'!I16/$D$4,0)*$D$9 -> 1 | W25: =ROUNDUP('Гарантия (машины)'!I16/$D$4,0)*$D$10 -> 2
... A102: 48000 | B102: =YEAR(A102) -> 2031 | C102: =ROUNDUP('Гарантия (машины)'!C93/$D$4,0)*$D$5 -> 0 | D102: =ROUNDUP('Гарантия (машины)'!C93/$D$4,0)*$D$6 -> 0 | E102: =ROUNDUP('Гарантия (машины)'!C93/$D$4,0)*$D$7 -> 0 | F102: =ROUNDUP('Гарантия (машины)'!D93/$D$4,0)*$D$8 -> 0 | G102: =ROUNDUP('Гарантия (машины)'!D93/$D$4,0)*$D$9 -> 0 | H102: =ROUNDUP('Гарантия (машины)'!D93/$D$4,0)*$D$10 -> 0 | I102: =ROUNDUP('Гарантия (машины)'!E93/$D$4,0)*$D$5 -> 0 | J102: =ROUNDUP('Гарантия (машины)'!E93/$D$4,0)*$D$6 -> 0 | K102: =ROUNDUP('Гарантия (машины)'!E93/$D$4,0)*$D$7 -> 0 | L102: =ROUNDUP('Гарантия (машины)'!F93/$D$4,0)*$D$8 -> 0 | M102: =ROUNDUP('Гарантия (машины)'!F93/$D$4,0)*$D$9 -> 0 | N102: =ROUNDUP('Гарантия (машины)'!F93/$D$4,0)*$D$10 -> 0 | O102: =ROUNDUP('Гарантия (машины)'!G93/$D$4,0)*$D$5 -> 0 | P102: =ROUNDUP('Гарантия (машины)'!G93/$D$4,0)*$D$6 -> 0 | Q102: =ROUNDUP('Гарантия (машины)'!G93/$D$4,0)*$D$7 -> 0 | R102: =ROUNDUP('Гарантия (машины)'!H93/$D$4,0)*$D$8 -> 0 | S102: =ROUNDUP('Гарантия (машины)'!H93/$D$4,0)*$D$9 -> 0 | T102: =ROUNDUP('Гарантия (машины)'!H93/$D$4,0)*$D$10 -> 0 | U102: =ROUNDUP('Гарантия (машины)'!I93/$D$4,0)*$D$8 -> 0 | V102: =ROUNDUP('Гарантия (машины)'!I93/$D$4,0)*$D$9 -> 0 | W102: =ROUNDUP('Гарантия (машины)'!I93/$D$4,0)*$D$10 -> 0
A104: ПИК | C104: =MAX(C14:C102) -> 6 | D104: =MAX(D14:D102) -> 12 | E104: =MAX(E14:E102) -> 6 | F104: =MAX(F14:F102) -> 3 | G104: =MAX(G14:G102) -> 3 | H104: =MAX(H14:H102) -> 6 | I104: =MAX(I14:I102) -> 8 | J104: =MAX(J14:J102) -> 16 | ... W104: =MAX(W14:W102) -> 6
